Name,Org,Pos,Current Level,Age,Top 100,Org Rk,Hit,Game,Raw,Spd,FV,PA,OBP,SLG,ISO,BB%,K%,wRC+,playerId
"Ivan Castillo","KCR","2B","AAA","27.1833333",,47,"55 / 55","30 / 30","40 / 40","50 / 50","35+",435,0.32643678,0.36633663,0.07920792,0.05977011,0.17471264,73.17343780554936,"15971"
"Jose Herrera","ARI","C","AAA","25.45",,33,"50 / 50","30 / 30","40 / 40","20 / 20","35+",360,0.36388889,0.42156863,0.1633987,0.14166667,0.225,104.96679091800834,"17040"
"Ali Sanchez","DET","C","AAA","25.5444444",,24,"35 / 40","30 / 30","40 / 40","30 / 30","40",270,0.32222222,0.3625498,0.0876494,0.06666667,0.17407407,85.47429676710027,"18551"
"Yohel Pozo","TEX","C","AAA","25.1444444",,34,"55 / 55","30 / 30","50 / 50","20 / 20","35+",324,0.35185185,0.62222222,0.28571428,0.02160494,0.12962963,133.29490242038557,"18848"
"Lucius Fox","WSN","SS","AAA","25.0944444",,37,"40 / 40","30 / 30","40 / 40","70 / 70","35+",270,0.35315985,0.37554585,0.13100437,0.13703704,0.24814815,100.88167262778857,"18899"
"Brian Serven","COL","C","MLB","27.2527777",,16,"40 / 45","40 / 40","45 / 45","30 / 30","40+",276,0.30797101,0.50396825,0.25396825,0.05797101,0.22101449,93.40060822342383,"19422"
"Cooper Hummel","ARI","RF","MLB","27.6888888",,24,"55 / 55","30 / 30","45 / 45","45 / 45","40",366,0.43169399,0.54607509,0.23549489,0.17213115,0.16666667,151.3023537301261,"19458"
"TJ Friedl","CIN","CF","AAA","26.9777777",,40,"50 / 50","30 / 30","40 / 40","70 / 70","40",448,0.35650224,0.42227979,0.15803109,0.09821429,0.14508929,110.76741579588956,"19522"
"Simon Muzziotti","PHI","CF","AAA","23.6083333",,18,"45 / 50","30 / 40","45 / 50","60 / 60","40",83,0.375,0.38028169,0.08450704,0.10843373,0.13253012,108.79808286842785,"19553"
"Otto Lopez","TOR","2B","AAA","23.8472222",,15,"55 / 60","20 / 30","40 / 45","60 / 60","40",508,0.37869822,0.4368071,0.12195122,0.08070866,0.17322835,122.83323583414416,"19608"
"Luis Barrera","OAK","CF","AAA","26.725",,34,"40 / 45","30 / 30","50 / 50","70 / 70","40",386,0.34805195,0.39296188,0.11730206,0.10103627,0.17357513,87.59228402791376,"19615"
"Rene Pinto","TBR","C","AAA","25.7611111",,17,"35 / 40","40 / 45","50 / 50","20 / 20","40+",382,0.32460733,0.5,0.2259887,0.05759162,0.29842932,120.9786029458993,"19859"
"Greg Deichmann","CHC","RF","AAA","27.1833333",,55,"35 / 40","45 / 50","70 / 70","45 / 45","35+",392,0.3877551,0.43465046,0.16109423,0.15561224,0.25,115.90268564810184,"19872"
"Connor Wong","BOS","C","AAA","26.2138888",,24,"30 / 35","40 / 45","50 / 50","50 / 50","40",208,0.28846154,0.44221106,0.18592965,0.04326923,0.27884615,91.28289699032158,"19896"
"Khalil Lee","NYM","RF","AAA","24.1111111",,18,"30 / 40","35 / 50","55 / 60","55 / 55","40",388,0.45103093,0.5,0.2260274,0.18298969,0.29639175,162.47714554197742,"19952"
"Mickey Moniak","LAA","CF","MLB","24.2305555",,20,"50 / 50","30 / 35","45 / 45","55 / 55","40",409,0.29901961,0.44657534,0.20821918,0.07579462,0.24694377,91.48056978054233,"19956"
"Colton Welker","COL","3B","AAA","24.825",,28,"55 / 60","35 / 40","50 / 50","30 / 30","40",139,0.34532374,0.48333333,0.225,0.10791367,0.22302158,107.6788497618964,"19961"
"Jared Oliva","PIT","CF","AAA","26.6916666",,34,"40 / 40","40 / 45","55 / 55","60 / 60","40",249,0.32128514,0.36444444,0.11555555,0.07630522,0.26907631,85.52994364674461,"19968"
"J.J. Matijevic","HOU","1B","AAA","26.7277777",,23,"40 / 40","50 / 55","60 / 60","40 / 40","35+",457,0.34135667,0.51243781,0.25870647,0.11597374,0.29540481,112.60332705532412,"20165"
"Miguel Vargas","LAD","3B","AAA","22.7194444",,9,"50 / 60","35 / 45","45 / 50","40 / 40","45",542,0.3800738,0.52587992,0.20703934,0.08302583,0.16420664,141.51647009137938,"20178"
"Mario Feliciano","MIL","C","MLB","23.7111111",,29,"45 / 45","35 / 40","50 / 55","30 / 30","35+",143,0.28671329,0.36153846,0.12307692,0.03496503,0.22377622,69.99578397774506,"20263"
"Stuart Fairchild","CIN","CF","AAA","26.3861111",,41,"40 / 45","35 / 45","50 / 50","55 / 55","40",188,0.38297872,0.5617284,0.2654321,0.11702128,0.21808511,130.57116687785228,"20321"
"Brewer Hicklen","KCR","LF","AAA","26.4916666",,34,"30 / 35","40 / 45","55 / 55","70 / 70","40",424,0.34597156,0.43370166,0.19060774,0.12264151,0.31132075,109.94909685498553,"20450"
"Nolan Jones","CLE","RF","MLB","24.2472222",89,4,"30 / 35","50 / 60","70 / 70","40 / 40","50",407,0.35626536,0.43108504,0.19354838,0.14496314,0.2997543,113.46999292384746,"20529"
"Elehuris Montero","COL","3B","MLB","23.9694444",,17,"30 / 50","35 / 50","55 / 60","30 / 30","40",500,0.36,0.52900232,0.25058005,0.106,0.22,132.41284857134107,"20543"
"Kody Clemens","DET","2B","MLB","26.225",,20,"30 / 35","40 / 50","60 / 60","40 / 40","40",424,0.30896226,0.45789474,0.2131579,0.08490566,0.23113208,100.87908853980974,"20572"
"Ivan Herrera","STL","C","AAA","22.1805555",48,2,"50 / 60","40 / 45","50 / 50","50 / 40","50",441,0.34240363,0.40326975,0.17438692,0.13605442,0.21768707,102.21601719595739,"20599"
"Alejo Lopez","CIN","2B","MLB","26.2527777",,52,"60 / 60","20 / 20","30 / 30","45 / 45","35+",409,0.400978,0.44662921,0.12640449,0.11002445,0.07823961,133.8459401416265,"21127"
"Mark Kolozsvary","CIN","C","AAA","26.9222222",,51,"30 / 35","35 / 40","45 / 45","40 / 40","35+",237,0.32911392,0.40196078,0.18137254,0.09704641,0.32067511,104.87626007543209,"21304"
"Nick Fortes","MIA","C","MLB","25.7361111",,13,"50 / 55","30 / 35","40 / 40","40 / 40","40+",378,0.33156499,0.36666667,0.12121212,0.08465608,0.14285714,94.69670687523536,"21538"
"Romy Gonzalez","CHW","SS","AAA","25.9166666",,6,"30 / 30","40 / 45","55 / 55","55 / 55","45",404,0.36386139,0.53221289,0.24929972,0.10643564,0.27722772,144.10768271669673,"21562"
"Esteury Ruiz","MIL","CF","AAA","23.475",,17,"30 / 35","40 / 40","50 / 50","70 / 70","40",353,0.32758621,0.41100324,0.1618123,0.07932011,0.20679887,98.40118537590251,"21780"
"Jonathan Aranda","TBR","2B","AAA","24.2027777",,15,"55 / 60","40 / 45","50 / 50","20 / 20","45",411,0.41849148,0.54310345,0.21264368,0.10218978,0.18491484,163.81449567716658,"21837"
"Nick Pratto","KCR","1B","MLB","23.8333333",39,1,"35 / 40","55 / 70","60 / 60","40 / 40","50",545,0.3853211,0.60224719,0.33707865,0.15229358,0.28807339,155.8120266507422,"22117"
"Payton Henry","MIA","C","AAA","25.1166666",,21,"30 / 35","40 / 45","60 / 60","30 / 30","40",276,0.35144928,0.39004149,0.12448132,0.0942029,0.27173913,105.57425560010829,"22164"
"Ryan Vilade","COL","LF","AAA","23.4666666",,45,"50 / 55","40 / 50","55 / 55","40 / 40","35+",518,0.33914729,0.41025641,0.12606838,0.07335907,0.17760618,86.68429851546537,"22165"
"Cal Mitchell","PIT","RF","AAA","23.4111111",,36,"45 / 50","35 / 40","45 / 50","40 / 40","40",440,0.32801822,0.42288557,0.1442786,0.05454545,0.17045455,103.82389928846098,"22169"
"Jeter Downs","BOS","2B","AAA","24.025",,39,"35 / 40","40 / 45","50 / 50","40 / 40","35+",405,0.27227723,0.33333333,0.14285714,0.09382716,0.32345679,62.32981109525815,"22202"
"Luis Campusano","SDP","C","AAA","23.8527777",27,1,"40 / 45","40 / 50","55 / 60","40 / 40","55",326,0.36503067,0.54109589,0.24657534,0.08282209,0.20245399,121.55926465967943,"22217"
"Joe Perez","HOU","3B","AA","22.9833333",,10,"30 / 40","45 / 55","60 / 60","40 / 40","40+",475,0.35368421,0.49534884,0.20465117,0.09052632,0.24,124.8342352036971,"22254"
"Nick Allen","OAK","SS","MLB","23.8277777",,7,"45 / 50","20 / 30","30 / 30","60 / 60","45",380,0.34574468,0.40294118,0.11470589,0.07631579,0.2,97.42133747908558,"22277"
"Buddy Kennedy","ARI","3B","AAA","23.8361111",,29,"45 / 45","40 / 45","50 / 50","50 / 50","40",406,0.38423645,0.52298851,0.23275862,0.12315271,0.24137931,140.5994107965459,"22505"
"Heliot Ramos","SFG","RF","AAA","22.9138888",,8,"40 / 45","45 / 55","55 / 55","55 / 50","45",495,0.32323232,0.41648107,0.16258352,0.08484848,0.27878788,94.24822272259081,"22515"
"Tyler Freeman","CLE","2B","MLB","23.2083333",103,7,"50 / 70","20 / 30","40 / 45","55 / 50","50",180,0.37222222,0.4695122,0.14634147,0.04444444,0.11666667,130.16202438003793,"22532"
"Gabriel Arias","CLE","SS","AAA","22.4416666",,16,"30 / 35","40 / 50","55 / 60","45 / 45","45",483,0.34782609,0.45412844,0.16972477,0.08074534,0.22774327,114.77861514224175,"22563"
"Gabriel Moreno","TOR","C","AAA","22.4777777",2,1,"55 / 60","40 / 45","50 / 50","50 / 50","60",159,0.43396226,0.62589928,0.25899281,0.08805031,0.1572327,184.26030890822113,"22664"
"Maikel Garcia","KCR","SS","AAA","22.425",,8,"45 / 55","30 / 30","30 / 35","50 / 50","40+",480,0.37995825,0.40533981,0.11407767,0.12916667,0.15208333,118.57856976099792,"22715"
"Tucupita Marcano","PIT","2B","MLB","22.8888888",,58,"55 / 60","20 / 30","30 / 30","60 / 60","35+",412,0.34549878,0.35774648,0.10704225,0.12864078,0.14320388,86.66601036700523,"22871"
"Lenyn Sosa","CHW","2B","MLB","22.5305555",,3,"45 / 55","30 / 40","40 / 45","40 / 30","45",474,0.30021142,0.40133038,0.1308204,0.03375527,0.22151899,88.17521948391634,"22896"
"Canaan Smith-Njigba","PIT","LF","MLB","23.2666666",,32,"30 / 45","35 / 45","60 / 60","45 / 45","40",289,0.38062284,0.37916667,0.12083334,0.16262976,0.25951557,115.17671933302474,"23264"
"Nelson Velazquez","CHC","RF","MLB","23.6111111",,11,"30 / 35","40 / 50","60 / 60","50 / 40","45",425,0.33254717,0.4961039,0.22597403,0.07058824,0.31058824,121.97874430453315,"23359"
"Ezequiel Duran","TEX","3B","MLB","23.2055555",62,4,"35 / 40","45 / 55","60 / 60","45 / 45","50",471,0.3418259,0.48557692,0.21875,0.08492569,0.27600849,117.84515692385638,"23733"
"Liover Peguero","PIT","SS","AA","21.6",83,3,"35 / 60","35 / 45","45 / 50","60 / 55","50",417,0.33171913,0.44385027,0.17379679,0.07913669,0.25179856,107.54639912488769,"24273"
"Terrin Vavra","BAL","2B","MLB","25.2333333",,12,"50 / 60","30 / 35","35 / 35","55 / 55","45",218,0.40552995,0.4494382,0.1741573,0.1559633,0.22018349,138.67614765711224,"24400"
"Travis Swaggerty","PIT","CF","AAA","24.9638888",,12,"40 / 50","30 / 50","60 / 60","65 / 65","45",48,0.33333333,0.43902439,0.21951219,0.125,0.16666667,108.48368166249482,"24491"
"Jonah Bride","OAK","C","MLB","26.6083333",,15,"60 / 60","35 / 35","40 / 40","40 / 40","40+",334,0.40718563,0.42424242,0.1590909,0.17065868,0.17065868,130.21983490058912,"24703"
"Bryan Lavastida","CLE","C","AA","23.6916666",,9,"35 / 45","35 / 45","50 / 50","40 / 40","45+",338,0.37982196,0.45644599,0.16724738,0.1183432,0.20118343,128.60967213607972,"24765"
"James Outman","LAD","CF","AAA","25.2277777",,25,"30 / 40","40 / 50","55 / 55","60 / 60","40",491,0.37881874,0.49033816,0.22463768,0.12830957,0.28309572,136.15379381896815,"24770"
"David Villar","SFG","3B","AAA","25.525",,33,"40 / 40","50 / 50","55 / 55","30 / 30","40",446,0.37443946,0.50649351,0.23116883,0.10313901,0.25112108,140.8495143582726,"24782"
"Nate Eaton","KCR","3B","MLB","25.6222222",,40,"30 / 35","30 / 40","50 / 50","55 / 55","35+",322,0.35015773,0.36764706,0.125,0.12111801,0.23291925,103.52781113679,"25055"
"Michael Stefanic","LAA","2B","AAA","26.45",,32,"","","","","35+",554,0.40794224,0.49287169,0.15682281,0.09386282,0.13898917,131.6927767550383,"25353"
"Peyton Burdick","MIA","CF","MLB","25.4444444",,9,"30 / 40","40 / 60","70 / 70","55 / 55","45",491,0.36659878,0.4563591,0.2319202,0.16089613,0.29735234,130.52132165655385,"25459"
"Korey Lee","HOU","C","AAA","24.0305555",,4,"30 / 35","30 / 45","55 / 55","50 / 50","45",362,0.33977901,0.43768997,0.16109423,0.08563536,0.1878453,105.59331873280485,"25543"
"C.J. Abrams","WSN","2B","AAA","21.8416666",11,1,"50 / 70","30 / 50","45 / 55","80 / 80","60",183,0.36263736,0.41975309,0.12345679,0.08196721,0.19672131,111.85417144013603,"25768"
"Kyle Stowers","BAL","RF","AAA","24.5944444",,7,"35 / 40","45 / 55","55 / 55","50 / 50","45",530,0.38301887,0.51447661,0.23608017,0.13773585,0.32264151,141.11102290349174,"26151"
"JJ Bleday","MIA","RF","MLB","24.7388888",,19,"40 / 40","45 / 50","55 / 55","40 / 40","40",468,0.32264957,0.37279597,0.16120907,0.13675214,0.21581197,96.7440422367632,"26368"
"Josh H. Smith","TEX","SS","MLB","24.9972222",78,6,"55 / 60","35 / 40","40 / 40","55 / 55","50",351,0.42857143,0.53472222,0.22569444,0.12250712,0.17663818,160.14751172570084,"26396"
"Vinnie Pasquantino","KCR","1B","MLB","24.8222222",79,2,"55 / 60","45 / 55","50 / 50","20 / 20","50",513,0.39376218,0.56292906,0.26315789,0.12475634,0.12475634,153.53422283678927,"27676"
"Michael Massey","KCR","2B","MLB","24.3722222",,19,"35 / 55","45 / 40","45 / 50","50 / 50","40",439,0.35091743,0.53092784,0.24226805,0.07517084,0.15489749,135.4050430869561,"27684"
"Carter Bins","PIT","C","AAA","24.2361111",,47,"30 / 35","30 / 40","55 / 55","45 / 45","40",294,0.38435374,0.38723404,0.15319149,0.17687075,0.29251701,115.75061723468923,"sa1115884"
"Dominic Canzone","ARI","RF","AAA","24.9722222",,23,"40 / 45","40 / 45","55 / 55","30 / 30","40",339,0.37463127,0.52159468,0.2192691,0.09439528,0.20943953,137.76551730299238,"sa1115890"
"Rece Hinds","CIN","RF","A+","21.9194444",,17,"30 / 40","35 / 60","65 / 70","45 / 40","40+",226,0.33185841,0.54228856,0.28358209,0.07522124,0.28761062,126.1966326320908,"sa1169587"
"Matthew Lugo","BOS","SS","A+","21.2416666",,30,"30 / 45","30 / 40","40 / 50","55 / 55","40",469,0.33760684,0.36363636,0.09330143,0.08102345,0.20042644,95.1395057925084,"sa1169598"
"Tyler Callihan","CIN","2B","A+","22.1222222",,10,"35 / 55","30 / 50","55 / 55","30 / 30","45",99,0.35051546,0.43678161,0.13793104,0.08080808,0.13131313,113.18512596741152,"sa1169610"
"Ivan Johnson","CIN","2B","AA","23.8194444",,36,"30 / 40","30 / 45","50 / 55","60 / 60","40",330,0.36666667,0.45070423,0.18661972,0.12424242,0.3030303,125.0286731148499,"sa1169627"
"Eric Yang","CIN","C","AAA","24.3611111",,58,"35 / 55","30 / 30","35 / 40","30 / 30","35+",281,0.34642857,0.29955947,0.0969163,0.13523132,0.23131673,90.75617050237538,"sa1169769"
"Ryan Ward","LAD","LF","AA","24.4527777",,42,"45 / 50","40 / 45","45 / 45","40 / 40","35+",495,0.35222672,0.523918,0.24601367,0.09494949,0.23838384,134.96510929422593,"sa1169792"
"Brett Wisely","TBR","2B","AA","23.2444444",,44,"35 / 55","30 / 40","40 / 40","40 / 40","35+",440,0.37585421,0.50259067,0.20207254,0.10909091,0.22272727,135.43181161759907,"sa1170003"
"Cade Marlowe","SEA","CF","AA","25.1166666",,21,"35 / 40","40 / 45","50 / 50","55 / 55","35+",489,0.36809816,0.56635071,0.29146919,0.12474438,0.26993865,140.47990673856705,"sa1170288"
"Bryce Ball","CHC","1B","AA","24.0777777",,27,"30 / 45","35 / 60","70 / 70","40 / 40","40",439,0.35079727,0.38700565,0.18079096,0.18223235,0.27562642,106.28165170317169,"sa1170451"
"Chandler Redmond","STL","1B","AA","25.575",,28,"20 / 20","50 / 55","70 / 70","30 / 30","35+",396,0.35353535,0.47383721,0.21511628,0.11616162,0.34848485,123.25040328615252,"sa1170749"
"Jose Curpa","ARI","SS","CPX","22.4083333",,43,"30 / 45","30 / 35","30 / 30","70 / 70","35+",156,0.32903226,0.25,0.08870968,0.17948718,0.25641026,70.75417813872748,"sa3002703"
"Jordan Diaz","OAK","3B","AA","21.9805555",,16,"35 / 60","30 / 40","45 / 50","30 / 30","40+",365,0.3369863,0.48348348,0.19519519,0.06849315,0.15890411,120.68445041202978,"sa3003221"
"Johan Lopez","TBR","2B","A+","22.0222222",,60,"30 / 40","30 / 40","40 / 45","50 / 50","35+",325,0.36842105,0.41221374,0.17175572,0.13538462,0.27384615,116.03395100864786,"sa3003228"
"Diego Infante","TBR","RF","AA","22.7888888",,34,"30 / 40","35 / 55","60 / 60","45 / 40","40",459,0.39869281,0.51150895,0.20460358,0.12418301,0.25708061,143.7634324921275,"sa3003280"
"Oswald Peraza","NYY","SS","AAA","22.1416666",33,2,"50 / 55","40 / 50","50 / 50","60 / 60","50",511,0.35616438,0.47741935,0.18064516,0.07240705,0.21722114,125.80161091008402,"sa3003305"
"Alexander Canario","CHC","RF","AA","22.2472222",,14,"30 / 40","35 / 60","55 / 60","50 / 45","45",456,0.3004386,0.43137255,0.20098039,0.09429825,0.27412281,91.88171323889956,"sa3003316"
"Wenceel Perez","DET","SS","AA","22.7666666",,22,"35 / 55","30 / 30","40 / 40","60 / 60","40",476,0.32908705,0.36018957,0.1042654,0.09033613,0.17857143,91.97643741956985,"sa3003326"
"Sebastian Espino","TOR","3B","AA","22.1861111",,30,"30 / 40","35 / 50","50 / 55","45 / 45","35+",274,0.35661765,0.50207469,0.20746888,0.08394161,0.2810219,125.48778141973082,"sa3003347"
"Yainer Diaz","HOU","C","AAA","23.875",,3,"40 / 45","40 / 50","60 / 60","20 / 20","45",412,0.36165049,0.52741514,0.20365535,0.05582524,0.15291262,135.93579731661723,"sa3003386"
"Blake Hunt","TBR","C","AA","23.7388888",,19,"20 / 30","35 / 40","55 / 60","40 / 30","40+",320,0.28840125,0.3745583,0.1696113,0.1,0.325,78.74915534014411,"sa3004153"
"Abrahan Gutierrez","PIT","C","A+","22.7666666",,33,"35 / 55","30 / 35","40 / 40","20 / 20","40",306,0.42810458,0.44081633,0.15102041,0.17320261,0.14379085,143.91032263908852,"sa3004263"
"Drew Waters","KCR","CF","AAA","23.6",,12,"30 / 35","40 / 45","55 / 55","60 / 60","40+",459,0.32897603,0.38118812,0.14108911,0.10239651,0.30936819,93.70771543877001,"sa3004378"
"Israel Pineda","WSN","C","AA","22.3416666",,28,"30 / 40","35 / 45","45 / 50","30 / 20","40",315,0.26031746,0.3890785,0.18088737,0.05714286,0.26349206,70.91372221564856,"sa3004385"
"Mark Vientos","NYM","1B","AAA","22.6527777",,8,"30 / 35","50 / 60","70 / 70","40 / 35","45",349,0.35243553,0.58064516,0.3,0.09455587,0.28653295,146.1572891465812,"sa3004720"
"Mason Martin","PIT","1B","AAA","23.1777777",,37,"30 / 35","45 / 55","70 / 70","40 / 40","40",498,0.31726908,0.48747153,0.24601367,0.07831325,0.34337349,113.786264304369,"sa3004885"
"Jacob Amaya","LAD","SS","AAA","23.925",,16,"45 / 50","30 / 30","40 / 40","55 / 55","45",476,0.30252101,0.34292566,0.12709832,0.1092437,0.21638655,74.94293861142444,"sa3005081"
"Wilyer Abreu","BOS","LF","AA","23.1166666",,38,"35 / 40","45 / 50","55 / 55","50 / 50","35+",331,0.36253776,0.49477352,0.22648084,0.11480363,0.29909366,129.132899598532,"sa3005082"
"Tyler Dearden","BOS","LF","AA","24.0833333",,53,"30 / 40","40 / 50","60 / 60","45 / 40","35+",418,0.36842105,0.52272727,0.26136363,0.13157895,0.27272727,135.27282292081745,"sa3005103"
"Carlos Rodriguez","MIL","LF","A+","21.6638888",,20,"45 / 60","20 / 30","30 / 40","70 / 70","40",382,0.33595801,0.34782609,0.08115942,0.09162304,0.19633508,92.85972016854767,"sa3005478"
"Jose Tena","CLE","SS","AA","21.3777777",,14,"40 / 45","30 / 45","45 / 50","45 / 45","45",447,0.3310962,0.46731235,0.18644068,0.06040268,0.26174497,115.20340727948653,"sa3005482"
"Miguel Hiraldo","TOR","3B","A+","21.9194444",,20,"30 / 50","30 / 50","50 / 55","50 / 40","40",453,0.33774834,0.38974359,0.14102564,0.11258278,0.24503311,100.4284255764117,"sa3005486"
"Allan Cerda","CIN","RF","AA","22.7",,5,"30 / 40","35 / 60","60 / 70","50 / 50","45+",363,0.36088154,0.52302632,0.27302632,0.11294766,0.2892562,135.89341771807037,"sa3005504"
"Gilberto Jimenez","BOS","CF","A+","22.0777777",,13,"35 / 55","30 / 35","45 / 50","70 / 70","45",408,0.34643735,0.40482574,0.09919571,0.04656863,0.21078431,104.52512451837623,"sa3005507"
"Jorbit Vivas","LAD","2B","A+","21.4083333",,8,"35 / 60","30 / 40","35 / 40","45 / 45","45",477,0.39622642,0.49636804,0.18401937,0.08385744,0.11530398,136.48163165440857,"sa3005511"
"Alexfri Planez","CLE","RF","A+","20.9694444",,48,"30 / 35","35 / 55","55 / 60","45 / 45","35+",413,0.29368932,0.46153846,0.1974359,0.031477,0.29297821,98.7397887278437,"sa3005515"
"Jorge Barrosa","ARI","CF","AA","21.4694444",,26,"35 / 60","20 / 30","30 / 35","55 / 55","40",435,0.35334873,0.42159383,0.13624679,0.06666667,0.1816092,108.76948773193563,"sa3005524"
"Luis Toribio","SFG","3B","A+","21.8555555",,17,"30 / 50","30 / 55","55 / 60","40 / 30","40+",408,0.35135135,0.35588235,0.12647059,0.15441176,0.27696078,94.6397977426493,"sa3005541"
"Neyfy Castillo","ARI","1B","A+","21.4277777",,30,"30 / 40","35 / 55","50 / 60","45 / 40","40",455,0.34725275,0.45287958,0.22251309,0.12747253,0.37362637,109.96941092804029,"sa3005544"
"Eddys Leonard","LAD","3B","A+","21.7388888",,31,"50 / 50","30 / 35","40 / 40","45 / 45","40",492,0.3902439,0.53882353,0.24235294,0.10365854,0.23577236,145.17490464250318,"sa3005554"
"Jhonkensy Noel","CLE","1B","AA","21.0583333",,20,"30 / 40","35 / 60","70 / 80","30 / 20","40+",290,0.38965517,0.61509434,0.2754717,0.05862069,0.2137931,161.2262330064316,"sa3005579"
"Ceddanne Rafaela","BOS","CF","AA","21.8833333",,6,"30 / 45","30 / 45","45 / 50","60 / 60","45",432,0.30465116,0.42385787,0.17258883,0.05787037,0.18287037,95.0209094058601,"sa3005581"
"Daniel Vellojin","CIN","C","AA","22.3916666",,8,"35 / 60","30 / 35","40 / 45","40 / 40","45",362,0.40055249,0.40282686,0.15547704,0.19889503,0.20165746,127.28483535241078,"sa3005587"
"Alberto Rodriguez","SEA","RF","A+","21.8333333",,11,"30 / 40","35 / 55","55 / 60","40 / 40","40",459,0.37908497,0.46954315,0.18020305,0.11546841,0.22222222,123.71755714002923,"sa3005603"
"Felix Valerio","MIL","2B","AA","21.6111111",,8,"35 / 70","30 / 40","30 / 30","45 / 45","45",511,0.40117417,0.46838407,0.17798594,0.13502935,0.13894325,139.51838487180083,"sa3005613"
"Ronaiker Palma","COL","C","A+","22.5944444",,35,"35 / 55","30 / 35","30 / 40","40 / 40","35+",92,0.27472527,0.25882353,0.02352941,0.0326087,0.06521739,45.594270994919896,"sa3005624"
"Andy Pages","LAD","CF","AA","21.6611111",74,4,"30 / 40","35 / 70","60 / 70","50 / 50","50",538,0.39405204,0.53881279,0.27397261,0.14312268,0.24535316,151.87661002831015,"sa3005625"
"Heriberto Hernandez","TBR","LF","A+","22.6388888",105,5,"35 / 55","35 / 55","55 / 60","30 / 30","50",320,0.38125,0.45275591,0.20078741,0.153125,0.28125,125.3886146880815,"sa3005630"
"Brandon Valenzuela","SDP","C","A+","21.8444444",,11,"30 / 45","30 / 40","45 / 45","30 / 30","40",443,0.39277652,0.42857143,0.12962963,0.13318284,0.22573363,122.22975267251623,"sa3005729"
"Yeison Santana","CHC","SS","A+","21.6638888",,48,"30 / 50","30 / 35","40 / 45","55 / 55","35+",189,0.31914894,0.28658537,0.06097561,0.10582011,0.27513228,71.17260056001226,"sa3005730"
"Junior Perez","OAK","RF","A","21.0888888",,44,"30 / 40","35 / 50","50 / 55","45 / 40","35+",386,0.31688312,0.35866261,0.15197568,0.13212435,0.37564767,82.21709755401928,"sa3005744"
"Johan Rojas","PHI","CF","AA","21.9777777",,3,"35 / 55","30 / 45","50 / 60","70 / 70","45+",429,0.32941176,0.41732283,0.15485564,0.07692308,0.17948718,102.18391500134621,"sa3005784"
"Jose Rodriguez","CHW","SS","AA","21.2305555",,4,"50 / 60","30 / 40","50 / 55","55 / 55","45",501,0.338,0.46908316,0.1684435,0.05189621,0.14371257,114.86014030710301,"sa3005788"
"Brayan Rocchio","CLE","SS","AA","21.5638888",37,2,"50 / 60","30 / 40","40 / 45","60 / 60","50",491,0.34623218,0.46031746,0.18367347,0.06720978,0.21588595,120.46970663052832,"sa3005898"
"Anthony Garcia","NYY","RF","A","21.9194444",,22,"30 / 40","35 / 60","70 / 80","50 / 40","40",153,0.44444444,0.67768595,0.37190083,0.20261438,0.32679739,187.04202144333382,"sa3005924"
"Brandol Mezquita","ATL","OF","A","21.0611111",,15,"30 / 40","35 / 50","45 / 50","50 / 50","40",171,0.40236686,0.45205479,0.14383561,0.11111111,0.29239766,131.9910115357637,"sa3006201"
"Madison Santos","NYY","CF","A","22.9166666",,33,"30 / 45","30 / 40","45 / 50","70 / 70","35+",142,0.42253521,0.52252252,0.24324324,0.1971831,0.24647887,150.94917202147573,"sa3006206"
"Osleivis Basabe","TBR","2B","AA","21.8972222",,21,"35 / 55","30 / 40","40 / 45","60 / 60","40+",327,0.34662577,0.3877551,0.10544217,0.08562691,0.13761468,102.06846785183265,"sa3006594"
"Orlando Martinez","LAA","LF","AAA","24.4694444",,21,"40 / 50","40 / 45","50 / 50","45 / 45","40",436,0.31264368,0.445,0.1875,0.06880734,0.27293578,107.29985022282386,"sa3006664"
"David Hensley","HOU","3B","AAA","26.3555555",,9,"50 / 55","40 / 45","50 / 50","40 / 40","40+",445,0.36853933,0.43939394,0.14646465,0.10337079,0.23370787,117.64893804278351,"sa3006733"
"David Fry","CLE","C","AAA","26.7111111",,50,"40 / 40","35 / 45","50 / 50","35 / 35","35+",359,0.34818942,0.44904459,0.19426752,0.10584958,0.24512535,121.60824529366991,"sa3006787"
"Brandon Lockridge","NYY","CF","AA","25.3944444",,36,"30 / 40","30 / 35","45 / 45","80 / 80","35+",327,0.35168196,0.49498328,0.19732442,0.06727829,0.25993884,128.19366969408262,"sa3006856"
"Kendall Simmons","PHI","SS","A+","22.3194444",,22,"30 / 35","35 / 55","55 / 65","55 / 50","35+",170,0.32941176,0.44897959,0.22448979,0.09411765,0.24117647,110.97537960693792,"sa3006867"
"George Valera","CLE","RF","AAA","21.7305555",94,6,"30 / 40","45 / 60","55 / 60","50 / 50","50",363,0.40495868,0.50526316,0.24561404,0.18181818,0.24242424,147.99901398735923,"sa3006872"
"Lawrence Butler","OAK","1B","A+","22.0722222",,17,"30 / 35","35 / 60","60 / 70","50 / 45","40+",450,0.36666667,0.5038961,0.23116883,0.13111111,0.32444444,126.31819305005985,"sa3006873"
"Ronny Mauricio","NYM","SS","AA","21.3388888",60,3,"30 / 35","40 / 55","55 / 60","50 / 50","50",453,0.29580574,0.44917258,0.20094563,0.05739514,0.24724062,96.58838412688812,"sa3006887"
"Luis Verdugo","CHC","SS","A+","21.8166666",,50,"30 / 35","30 / 40","45 / 50","45 / 50","35+",227,0.22907489,0.29439252,0.10747663,0.04845815,0.28634361,42.01631068843181,"sa3006888"
"Leo Jimenez","TOR","SS","A+","21.2194444",,5,"55 / 70","30 / 30","35 / 35","50 / 50","45",262,0.52290076,0.39226519,0.0718232,0.20610687,0.13740458,172.17749387364333,"sa3006891"
"Jordan Groshans","MIA","3B","AAA","22.7388888",,11,"45 / 55","40 / 45","45 / 50","50 / 50","45",316,0.36708861,0.44964029,0.15827338,0.10759494,0.19303797,124.349250710118,"sa3006893"
"Anthony Seigler","NYY","C","A+","23.1277777",,27,"30 / 40","30 / 35","40 / 40","45 / 40","35+",176,0.32386364,0.39072848,0.17218543,0.13068182,0.26136364,95.1843914829417,"sa3006894"
"Ji-hwan Bae","PIT","2B","AAA","23.0277777",,10,"50 / 70","20 / 30","35 / 40","65 / 60","45",372,0.36021505,0.42201835,0.14067278,0.10215054,0.22311828,115.7259033685419,"sa3006895"
"Jonathan Ornelas","TEX","SS","AA","22.1944444",,19,"45 / 50","30 / 35","45 / 45","60 / 60","40",405,0.3101737,0.39361702,0.13297872,0.05185185,0.21481481,90.13639664199228,"sa3006909"
"Xavier Edwards","TBR","2B","AAA","22.9916666",104,4,"50 / 70","20 / 30","40 / 40","80 / 80","50",337,0.37650602,0.36769759,0.06529209,0.10682493,0.12462908,112.61777534368511,"sa3007018"
"Everson Pereira","NYY","CF","AA","21.3222222",,5,"30 / 40","35 / 60","55 / 60","55 / 55","45+",221,0.39819005,0.68617021,0.38297872,0.12669683,0.2760181,177.9704192199648,"sa3007034"
"Luis Garcia","PHI","SS","A+","21.7916666",,7,"30 / 55","30 / 35","45 / 50","55 / 55","45",465,0.35281385,0.41432225,0.1713555,0.13763441,0.24086022,111.47190684631762,"sa3007295"
"Logan O'Hoppe","LAA","C","AA","22.4916666",50,1,"40 / 55","30 / 45","50 / 55","30 / 30","50",438,0.33105023,0.45801527,0.18829517,0.07534247,0.17351598,110.10162638157728,"sa3007519"
"Triston Casas","BOS","1B","AAA","22.5583333",14,1,"50 / 55","50 / 60","60 / 60","30 / 20","55",371,0.393531,0.48376623,0.20454545,0.15363881,0.19137466,140.7229899966862,"sa3007634"
"Jeremiah Jackson","LAA","SS","AA","22.3611111",,11,"30 / 35","35 / 55","55 / 60","55 / 55","40+",218,0.35779817,0.54787234,0.2712766,0.1146789,0.33027523,127.67434961145965,"sa3007740"
"Blaze Alexander","ARI","SS","AA","23.1527777",,44,"30 / 30","30 / 40","50 / 55","45 / 40","35+",389,0.31619537,0.37168142,0.15339233,0.11311054,0.32390746,87.97459223794294,"sa3007742"
"Nick Meyer","NYM","C","AA","25.4666666",,24,"40 / 45","30 / 30","35 / 35","30 / 30","35+",257,0.33730159,0.32420091,0.07305936,0.09338521,0.17898833,87.28315052891732,"sa3007826"
"Ryder Green","NYY","RF","A","22.2527777",,31,"30 / 40","30 / 55","65 / 70","55 / 50","35+",203,0.3546798,0.40588235,0.17058823,0.1182266,0.33004926,111.22763957503173,"sa3007875"
"Brennen Davis","CHC","RF","AAA","22.7611111",28,1,"30 / 40","45 / 60","55 / 60","60 / 55","55",416,0.375,0.49428571,0.23428571,0.12019231,0.28365385,140.64066281969173,"sa3007876"
"Parker Meadows","DET","CF","AA","22.7611111",,26,"30 / 40","30 / 50","50 / 60","60 / 60","40",420,0.29156627,0.33060109,0.12021858,0.08809524,0.24285714,73.06888958329208,"sa3007943"
"Joe Gray Jr.","MIL","RF","A+","22.4",,22,"30 / 35","35 / 55","55 / 60","55 / 50","40",479,0.35490605,0.49876543,0.24691358,0.11064718,0.27348643,127.91406420345804,"sa3008005"
"Jordyn Adams","LAA","CF","AA","22.8",,12,"30 / 35","30 / 45","60 / 60","80 / 80","40+",307,0.28990228,0.31046931,0.09386281,0.09120521,0.37785016,65.55000586466487,"sa3008032"
"Josh Breaux","NYY","C","AAA","24.8305555",,38,"30 / 40","30 / 55","70 / 70","30 / 30","35+",382,0.29842932,0.50285714,0.25428571,0.06806283,0.2591623,107.90404479409274,"sa3008051"
"Connor Scott","PIT","RF","AA","22.8277777",,43,"30 / 35","30 / 40","50 / 55","55 / 55","40",435,0.33333333,0.44556962,0.16962025,0.07126437,0.21149425,112.07952416896096,"sa3008080"
"Osiris Johnson","MIA","CF","A+","21.8",,28,"30 / 40","35 / 50","55 / 60","55 / 45","35+",391,0.29411765,0.37321937,0.15384615,0.08695652,0.26598465,79.5439050887738,"sa3008110"
"Cadyn Grenier","BAL","SS","AAA","25.7666666",,41,"30 / 35","35 / 45","50 / 50","70 / 70","35+",462,0.33406114,0.34447301,0.12339332,0.12337662,0.3030303,92.45884282323411,"sa3008140"
"Mike Siani","CIN","CF","AA","23.0555555",,31,"40 / 50","20 / 30","40 / 45","60 / 60","40",408,0.32107843,0.32670455,0.11079546,0.12254902,0.25245098,84.8449396270008,"sa3008182"
"Korry Howell","SDP","CF","AA","23.9305555",,18,"30 / 35","35 / 40","50 / 50","70 / 70","40",416,0.34939759,0.45505618,0.21067416,0.11057692,0.31730769,121.75978129202923,"sa3008238"
"Ezequiel Tovar","COL","SS","AA","21.0138888",36,1,"35 / 60","30 / 35","30 / 40","45 / 45","50",469,0.32173913,0.47453704,0.1875,0.03624733,0.12153518,105.37352999007116,"sa3008239"
"Bo Naylor","CLE","C","AAA","22.4583333",49,3,"30 / 35","30 / 45","55 / 60","50 / 40","50",356,0.27966102,0.33226837,0.14376997,0.10393258,0.31460674,68.8975909965247,"sa3008247"
"Endy Rodriguez","PIT","C","AA","22.25",,6,"35 / 70","30 / 35","30 / 40","45 / 40","45+",434,0.38018433,0.51193634,0.21750663,0.11520737,0.17741935,140.19025408999957,"sa3008272"
"Brice Turang","MIL","SS","AAA","22.7083333",,5,"40 / 40","30 / 35","50 / 50","55 / 55","45",496,0.34747475,0.36194896,0.10440836,0.12096774,0.16733871,99.19937526311958,"sa3008294"
"Ronny Simon","TBR","3B","AA","22.3027777",,49,"30 / 45","30 / 40","30 / 45","55 / 55","35+",436,0.32949309,0.45549738,0.20942408,0.10550459,0.23165138,104.41078854065783,"sa3008365"
"Curtis Mead","TBR","LF","AAA","21.7777777",40,2,"35 / 60","30 / 50","50 / 55","45 / 40","50",458,0.37772926,0.53284672,0.21167884,0.07423581,0.15502183,141.2705545632575,"sa3008392"
"Nick Decker","BOS","RF","A+","22.8444444",,59,"30 / 40","35 / 50","55 / 60","50 / 45","35+",309,0.37540453,0.43726236,0.16730038,0.13268608,0.2815534,122.56311747961072,"sa3008590"
"Diego Cartaya","LAD","C","A+","20.9138888",31,1,"30 / 45","35 / 60","50 / 60","40 / 30","50",137,0.40875912,0.61403509,0.31578948,0.13138686,0.27007299,158.38232077311753,"sa3008742"
"Misael Urbina","MIN","LF","A","20.275",,15,"30 / 55","30 / 50","45 / 50","50 / 50","40+",439,0.29908676,0.28610354,0.09536785,0.12300683,0.18678815,66.82955952125864,"sa3008743"
"Noelvi Marte","CIN","SS","A+","20.8055555",10,1,"30 / 45","35 / 60","55 / 70","60 / 55","60",511,0.36594912,0.45945946,0.18693694,0.11741683,0.22896282,117.78455594727139,"sa3008745"
"Antonio Gomez","NYY","C","A","20.7305555",,7,"30 / 45","30 / 40","45 / 50","40 / 30","45+",184,0.375,0.41666667,0.15384616,0.14130435,0.26630435,117.36788456152371,"sa3008746"
"Jose De La Cruz","DET","RF","A","20.5916666",,33,"30 / 35","35 / 55","60 / 60","45 / 30","35+",341,0.29032258,0.30564784,0.10299003,0.07917889,0.38709677,64.6486931573566,"sa3008747"
"Alvin Guzman","ARI","CF","A","20.7944444",,32,"30 / 35","30 / 55","45 / 60","60 / 60","35+",149,0.32432432,0.344,0.136,0.12080537,0.33557047,82.32448711370866,"sa3008748"
"Eduarqui Fernandez","MIL","RF","A","20.7111111",,33,"30 / 35","25 / 50","55 / 60","50 / 50","35+",153,0.32679739,0.36923077,0.16153846,0.1372549,0.37908497,87.60196538494772,"sa3008749"
"Eduardo Garcia","MIL","SS","A+","20.0722222",,15,"30 / 35","25 / 45","45 / 55","40 / 40","40+",192,0.35416667,0.4702381,0.20238096,0.08333333,0.28645833,116.14607611232061,"sa3008751"
"Kevin Alcantara","CHC","CF","A","20.0666666",75,3,"30 / 40","20 / 60","50 / 70","55 / 50","50",138,0.42335766,0.58823529,0.24369747,0.12318841,0.26086957,159.22269142295883,"sa3008752"
"Alejandro Pie","TBR","3B","A","20.5166666",,57,"30 / 30","30 / 55","45 / 60","60 / 55","35+",134,0.29850746,0.2704918,0.03278688,0.05970149,0.35074627,60.35346316964033,"sa3008754"
"Luis Matos","SFG","CF","A+","20.5222222",32,3,"30 / 55","30 / 50","50 / 60","60 / 60","50",491,0.35845214,0.49445676,0.18181818,0.05702648,0.12423625,121.07429520533637,"sa3008756"
"Alexander Ramirez","LAA","RF","A","19.9361111",,30,"20 / 40","25 / 60","55 / 70","55 / 50","35+",235,0.32340426,0.36683417,0.16080402,0.12340426,0.35744681,85.51202027560186,"sa3008757"
"Omar Florentino","KCR","SS","CPX","20.7777777",,49,"30 / 50","20 / 30","30 / 40","60 / 60","35+",158,0.34810127,0.31818182,0.09848485,0.14556962,0.30379747,87.38475058960039,"sa3008758"
"Juan Guerrero","COL","LF","A","20.9055555",,33,"35 / 55","30 / 40","40 / 45","40 / 40","35+",171,0.39411765,0.5,0.18243243,0.09356725,0.16959064,133.3080375605498,"sa3008759"
"Warming Bernabel","COL","3B","A+","20.1666666",,6,"35 / 55","35 / 50","45 / 50","40 / 40","45",180,0.36666667,0.51592357,0.20382166,0.06666667,0.14444444,122.68137267593369,"sa3008761"
"Angel Martinez","CLE","SS","A+","20.5388888",,10,"30 / 50","30 / 35","45 / 50","60 / 60","45",424,0.31914894,0.38196286,0.14058355,0.10141509,0.20754717,91.95799179101053,"sa3008762"
"Luisangel Acuna","TEX","2B","AA","20.4",,20,"30 / 45","30 / 45","45 / 50","55 / 55","40",473,0.34460888,0.40435835,0.13801452,0.10359408,0.23255814,105.41571887081011,"sa3008765"
"Dayan Frias","CLE","SS","A","20.1138888",,18,"35 / 55","30 / 40","35 / 45","45 / 50","45",188,0.42021277,0.51973684,0.19736842,0.14361702,0.20212766,141.11711815317364,"sa3008768"
"Cristian Gonzalez","HOU","SS","A+","20.7888888",,22,"30 / 35","30 / 40","45 / 55","50 / 50","35+",181,0.32044199,0.38181818,0.12121212,0.07734807,0.28176796,91.3064882781688,"sa3008771"
"Jonatan Clase","SEA","CF","A","20.2027777",,15,"30 / 40","20 / 30","40 / 45","80 / 80","40",57,0.33333333,0.3877551,0.14285714,0.10526316,0.26315789,91.45762423883255,"sa3008787"
"Naysbel Marcano","BOS","C","CPX","20.2027777",,55,"20 / 45","20 / 40","45 / 50","20 / 20","35+",29,0.34482759,0.37037037,0.07407407,0.03448276,0.31034483,87.04860009544659,"sa3008804"
"Bryan Gonzalez","BOS","RF","A","20.8833333",,61,"30 / 45","25 / 55","50 / 60","40 / 30","35+",161,0.32298137,0.38848921,0.15827338,0.11801242,0.33540373,91.0354174560363,"sa3008805"
"Mishael Deson","BAL","LF","A","20.0805555",,26,"25 / 60","20 / 50","40 / 55","45 / 30","40",139,0.36956522,0.45238095,0.11904762,0.0647482,0.20143885,117.94187811828682,"sa3008828"
"Brainer Bonaci","BOS","2B","A","20.075",,21,"35 / 55","20 / 40","45 / 50","40 / 30","40",214,0.3364486,0.38297872,0.13829787,0.11214953,0.21028037,96.70820187600937,"sa3008836"
"Alex De Jesus","TOR","3B","CPX","20.3722222",,26,"30 / 35","35 / 55","50 / 60","40 / 30","35+",422,0.38625592,0.44729345,0.17948718,0.16350711,0.30331754,122.81810527536734,"sa3008842"
"Jose Ramos","LAD","RF","A+","21.5972222",,7,"30 / 45","35 / 60","60 / 65","50 / 45","45+",288,0.39583333,0.57647059,0.24705883,0.07986111,0.24652778,148.09987706801303,"sa3008845"
"Alexander Vargas","NYY","SS","A","20.7694444",,14,"30 / 55","30 / 45","35 / 50","60 / 60","45",174,0.36206897,0.39333333,0.12,0.11494253,0.22988506,104.63753782054295,"sa3008851"
"Gabriel Martinez","TOR","RF","A+","21.0333333",,7,"35 / 50","30 / 50","45 / 50","45 / 45","40+",138,0.44202899,0.41071429,0.08035715,0.15942029,0.15942029,138.5614015863792,"sa3008865"
"Brayan Buelvas","OAK","CF","A+","20.1611111",,11,"35 / 60","20 / 40","40 / 45","60 / 55","45",392,0.30612245,0.41210375,0.19308358,0.09438776,0.24234694,87.86300577443266,"sa3008868"
"Euribiel Angeles","OAK","3B","A+","20.2361111",,23,"30 / 55","20 / 45","40 / 45","50 / 50","40",491,0.39219713,0.44470046,0.11520737,0.0814664,0.15682281,124.84136557727999,"sa3008877"
"Maikol Escotto","PIT","2B","A","20.1722222",,18,"20 / 45","25 / 55","50 / 60","50 / 50","40+",381,0.35433071,0.346875,0.1125,0.14173228,0.30446194,100.26325553675815,"sa3008878"
"Marcos Cabrera","NYY","3B","A","20.8222222",,21,"30 / 40","35 / 55","45 / 55","45 / 40","40",166,0.38554217,0.42635659,0.20930233,0.1746988,0.22891566,122.14612583116819,"sa3008890"
"Charlis Aquino","SDP","SS","A","20.7166666",,30,"30 / 40","30 / 45","35 / 50","45 / 50","35+",158,0.34177215,0.31060606,0.09090909,0.13291139,0.25949367,83.25602461328906,"sa3008895"
"Dariel Lopez","PIT","3B","A+","20.4972222",,16,"35 / 50","30 / 60","50 / 60","40 / 40","40+",416,0.34134615,0.3933518,0.13573407,0.09855769,0.24759615,102.72002766583627,"sa3008901"
"Rodolfo Nolasco","PIT","RF","A","20.8694444",,19,"30 / 50","35 / 60","50 / 60","50 / 40","40+",164,0.40853659,0.55223881,0.26865672,0.15853659,0.26219512,150.474664279736,"sa3008907"
"Geraldo Quintero","ATL","SS","A+","20.8222222",,9,"35 / 60","30 / 40","30 / 40","60 / 60","40+",142,0.31205674,0.27272727,0.0661157,0.11971831,0.18309859,67.29629430038823,"sa3008942"
"Natanael Santana","LAA","RF","CPX","21.025",,31,"30 / 35","30 / 55","55 / 70","60 / 60","35+",182,0.31318681,0.34969325,0.11042945,0.06043956,0.38461538,78.32077469295537,"sa3008950"
"Eduardo Lopez","BOS","CF","A","20.2444444",,34,"25 / 55","20 / 40","40 / 50","55 / 55","35+",49,0.36734694,0.25,0.025,0.16326531,0.30612245,88.14141655586718,"sa3009275"
"Elly De La Cruz","CIN","SS","AA","20.5694444",46,3,"30 / 40","35 / 60","60 / 80","70 / 70","50",265,0.33584906,0.53846154,0.24291498,0.05283019,0.30188679,126.58994630393273,"sa3009289"
"Eddinson Paulino","BOS","3B","A","20.0944444",,18,"30 / 45","30 / 45","45 / 50","50 / 50","40+",133,0.43609023,0.54867257,0.21238938,0.11278195,0.15789474,161.0636576650484,"sa3009538"
"Yohendrick Pinango","CHC","LF","A+","20.2472222",,26,"35 / 60","20 / 40","50 / 55","55 / 50","40",456,0.32675439,0.37292162,0.09738718,0.06798246,0.15131579,92.65086018754128,"sa3009539"
"Nelson Quiroz","LAD","C","A","20.7527777",,51,"35 / 50","20 / 30","30 / 35","30 / 30","35+",111,0.38738739,0.39130435,0.11956522,0.14414414,0.10810811,113.08448547074654,"sa3009565"
"Angeudis Santos","MIA","SS","CPX","20.8805555",,22,"30 / 40","30 / 45","45 / 55","60 / 60","40",190,0.31216931,0.2516129,0.05806451,0.15263158,0.31578947,64.1942705692921,"sa3009794"
"Juan Brito","COL","2B","A","20.8666666",,15,"35 / 60","30 / 40","40 / 45","35 / 35","40+",109,0.40566038,0.43181818,0.13636363,0.13761468,0.19266055,125.9753847848957,"sa3009808"
"Sergio Campana","PIT","CF","A","20.3527777",,39,"30 / 40","20 / 45","45 / 50","80 / 80","40",299,0.32214765,0.30555556,0.09920635,0.1270903,0.32441472,78.25795649074817,"sa3009834"
"Austin Shenton","TBR","3B","AA","24.5388888",,30,"40 / 45","30 / 50","55 / 55","30 / 30","40",372,0.39784946,0.54920635,0.25396825,0.12634409,0.23387097,151.50394379417554,"sa3009869"
"Will Wilson","SFG","2B","CPX","24.0416666",,21,"35 / 40","40 / 45","50 / 50","40 / 40","40",445,0.31011236,0.40153453,0.18158568,0.10337079,0.30786517,92.39613773833224,"sa3009871"
"Tanner Morris","TOR","LF","AAA","24.9138888",,33,"35 / 55","30 / 40","50 / 50","40 / 40","35+",470,0.38115632,0.40050378,0.11586902,0.12340426,0.19148936,115.34636344096545,"sa3009873"
"Cam Eden","TOR","CF","AA","24.35",,40,"30 / 45","30 / 35","40 / 40","60 / 60","35+",218,0.38248848,0.40223464,0.12849162,0.11926606,0.2293578,116.72342275811873,"sa3009883"
"Joseph Ortiz","BAL","SS","AA","24.0611111",,27,"40 / 45","30 / 35","40 / 40","55 / 55","40",156,0.3525641,0.44852941,0.18382353,0.1025641,0.20512821,117.80279184994797,"sa3009889"
"Brenton Doyle","COL","CF","AA","24.2277777",,26,"30 / 40","30 / 55","60 / 60","60 / 60","40",424,0.3356974,0.45384615,0.17435897,0.07075472,0.31603774,109.99645965761059,"sa3009965"
"Jake Alu","WSN","3B","AAA","25.3333333",,23,"50 / 55","35 / 40","45 / 45","40 / 40","40",370,0.33243243,0.44444444,0.16374269,0.05675676,0.2027027,109.86571773514572,"sa3010009"
"Aaron Bracho","CLE","2B","A+","21.2833333",,40,"30 / 35","35 / 50","60 / 60","40 / 40","35+",279,0.2688172,0.29875519,0.12448133,0.11469534,0.31899642,58.31520912435499,"sa3010018"
"Marco Luciano","SFG","SS","CPX","20.825",15,1,"30 / 55","30 / 60","60 / 70","50 / 45","55",453,0.34437086,0.47088608,0.21265823,0.10596026,0.26931567,112.3844898636749,"sa3010022"
"Jairo Pomares","SFG","RF","A+","22.0055555",,9,"30 / 45","35 / 50","50 / 55","55 / 50","45",328,0.37804878,0.62913907,0.29470198,0.04878049,0.2652439,155.15583585033554,"sa3010023"
"Bryan Ramos","CHW","3B","A+","20.4",,2,"35 / 50","35 / 55","50 / 60","50 / 45","45+",504,0.3452381,0.41531323,0.17169374,0.10119048,0.21825397,109.11891219458529,"sa3010024"
"Nerwilian Cedeno","SDP","SS","A","20.3888888",,33,"30 / 45","30 / 40","40 / 45","55 / 55","35+",66,0.35384615,0.53703704,0.2962963,0.13636364,0.3030303,124.38119540926238,"sa3010026"
"Brandon Lewis","LAD","1B","AA","23.7861111",,43,"30 / 35","40 / 55","70 / 70","30 / 30","35+",434,0.34792627,0.5691906,0.3002611,0.0921659,0.30645161,136.67060072809392,"sa3010035"
"James Beard","CHW","CF","A","21.8666666",,30,"30 / 35","30 / 35","40 / 45","80 / 80","35+",273,0.30769231,0.28632479,0.0940171,0.13553114,0.39194139,72.10919226879244,"sa3010038"
"Grant McCray","SFG","CF","A","21.6638888",,38,"30 / 40","35 / 45","45 / 55","60 / 60","35+",153,0.34210526,0.42222222,0.14814815,0.09803922,0.32679739,100.44984295868414,"sa3010042"
"Greg Jones","TBR","CF","AA","24.4138888",68,3,"30 / 45","30 / 50","50 / 55","70 / 70","50",317,0.3659306,0.48175182,0.21167883,0.10410095,0.30283912,128.4497863004723,"sa3010151"
"Cody Freeman","TEX","C","A+","21.5861111",,40,"35 / 50","20 / 30","35 / 40","40 / 30","35+",303,0.35099338,0.37743191,0.13229572,0.10891089,0.15841584,104.04263754883125,"sa3010153"
"Darryl Collins","KCR","LF","A+","20.7222222",,30,"35 / 60","20 / 30","40 / 45","50 / 50","40",383,0.36745407,0.33753943,0.09148265,0.13577023,0.14360313,102.52218680974285,"sa3010154"
"Joshua Mears","SDP","LF","A+","21.4722222",,16,"20 / 30","35 / 60","70 / 70","50 / 40","40",291,0.36769759,0.52892562,0.28512397,0.12371134,0.39175258,130.85084109003105,"sa3010162"
"Blake Sabol","PIT","C","AA","24.5805555",,60,"30 / 40","30 / 40","50 / 50","30 / 30","35+",288,0.40625,0.55102041,0.24081633,0.13541667,0.29166667,154.8677075176148,"sa3010269"
"Jared Triolo","PIT","3B","AA","24.4944444",,27,"30 / 50","30 / 45","50 / 50","45 / 45","40",473,0.36942675,0.47980998,0.17577198,0.08879493,0.1987315,127.90384410573552,"sa3010272"
"Dustin Harris","TEX","1B","AA","23.0777777",,10,"35 / 45","45 / 60","60 / 70","50 / 50","45",466,0.40128755,0.54207921,0.21534654,0.10085837,0.15665236,150.91343891192872,"sa3010279"
"Shea Langeliers","OAK","C","AAA","24.7166666",53,3,"40 / 50","40 / 50","55 / 55","35 / 30","50",384,0.33854167,0.49411765,0.2382353,0.1015625,0.26822917,127.4975908030574,"sa3010329"
"Braden Shewmake","ATL","SS","AAA","24.7138888",,18,"45 / 50","30 / 35","40 / 40","55 / 55","40",344,0.27113703,0.40123457,0.17283951,0.0494186,0.21802326,83.81074477431184,"sa3010332"
"Michael Toglia","COL","1B","AAA","23.9722222",,38,"30 / 35","45 / 50","60 / 60","30 / 30","35+",499,0.33266533,0.44470588,0.21647059,0.13026052,0.28456914,107.96626455528182,"sa3010393"
"Andre Lipcius","DET","3B","AAA","24.2055555",,31,"35 / 55","30 / 40","50 / 50","45 / 45","35+",483,0.32091097,0.39858491,0.15566038,0.10559006,0.20289855,96.71072106911032,"sa3010401"
"Spencer Steer","CIN","2B","AAA","24.6638888",,9,"40 / 50","40 / 45","50 / 50","50 / 45","45",488,0.34836066,0.48441247,0.23021583,0.11270492,0.21516393,121.47892335611654,"sa3010586"
"Ryan Kreidler","DET","SS","AAA","24.7333333",,10,"35 / 45","40 / 50","50 / 50","50 / 50","40+",550,0.34909091,0.45435685,0.18464731,0.10181818,0.28727273,117.80001192627896,"sa3010587"
"Corbin Carroll","ARI","CF","AAA","21.9583333",3,1,"55 / 70","30 / 50","45 / 50","70 / 70","60",29,0.55172414,0.91304348,0.47826087,0.20689655,0.24137931,263.1029447770736,"sa3010593"
"Orelvis Martinez","TOR","3B","AA","20.7138888",87,2,"30 / 45","35 / 60","50 / 60","45 / 40","50",451,0.34521158,0.54936709,0.2886076,0.09534368,0.25055432,135.2345400711769,"sa3010692"
"Nasim Nunez","MIA","SS","AA","21.9666666",,15,"30 / 40","30 / 35","40 / 45","60 / 60","40+",228,0.36563877,0.26455026,0.02116402,0.15350877,0.20175439,88.55612077780125,"sa3010695"
"Colin Barber","HOU","CF","A+","21.6722222",,2,"35 / 70","30 / 45","45 / 50","60 / 60","45",53,0.36538462,0.45238095,0.23809524,0.16981132,0.41509434,122.90968038689246,"sa3010696"
"Sammy Siani","PIT","LF","CPX","21.6444444",,42,"30 / 40","30 / 45","45 / 50","55 / 55","40",258,0.37596899,0.39,0.175,0.20155039,0.24418605,115.87908918356938,"sa3010704"
"Keoni Cavaco","MIN","3B","A","21.1777777",,31,"30 / 35","35 / 55","55 / 60","60 / 60","35+",270,0.2962963,0.30204082,0.06938776,0.07037037,0.34074074,67.58590473536701,"sa3010706"
"Vaughn Grissom","ATL","SS","AA","21.5861111",,1,"20 / 45","25 / 50","50 / 55","50 / 50","45",380,0.41798942,0.4637224,0.14511041,0.11842105,0.14210526,143.1618784300139,"sa3010711"
"Chase Strumpf","CHC","3B","AA","24.4111111",,28,"40 / 55","30 / 40","50 / 50","50 / 50","40",321,0.35202492,0.38059701,0.14925373,0.14018692,0.25545171,109.14251196891243,"sa3010845"
"Francisco Alvarez","NYM","C","AAA","20.7138888",1,1,"40 / 40","50 / 60","70 / 70","40 / 30","60",400,0.3875,0.55351682,0.28134557,0.1375,0.2225,147.77909135813024,"sa3010862"
"Junior Sanquintin","CLE","3B","A","20.5777777",,49,"30 / 40","30 / 40","50 / 55","40 / 40","35+",195,0.30769231,0.46022727,0.21022727,0.07179487,0.3025641,94.73468561676414,"sa3010863"
"Anthony Volpe","NYY","2B","AA","21.2722222",25,1,"35 / 60","35 / 60","55 / 55","50 / 50","55",513,0.42300195,0.60436893,0.31067961,0.15204678,0.19688109,170.2951983507919,"sa3010868"
"Brett Baty","NYM","3B","AAA","22.7305555",26,2,"40 / 50","45 / 60","70 / 70","45 / 40","55",385,0.38181818,0.47289157,0.1807229,0.11948052,0.25454545,132.39082736752812,"sa3010869"
"Hudson Head","PIT","CF","A+","21.3277777",,41,"30 / 40","30 / 45","45 / 50","60 / 60","40",434,0.36175115,0.39367816,0.18103448,0.15668203,0.3156682,112.52189238355479,"sa3010889"
"Will Holland","MIN","2B","A+","24.3",,29,"30 / 35","30 / 40","50 / 50","70 / 70","35+",299,0.33557047,0.40079365,0.18650794,0.11036789,0.33110368,103.75799484973327,"sa3011204"
"Tyler Fitzgerald","SFG","SS","AA","24.8916666",,45,"30 / 45","30 / 40","45 / 50","55 / 50","35+",432,0.34186047,0.4947644,0.2329843,0.08796296,0.32175926,120.99400324722993,"sa3011257"
"Zach Watson","BAL","CF","AA","25.1138888",,40,"30 / 30","30 / 40","60 / 60","70 / 70","35+",438,0.29425287,0.4675,0.22,0.05022831,0.27853881,100.56943990170151,"sa3011258"
"Darell Hernaiz","BAL","SS","A+","21.0083333",,21,"30 / 50","30 / 45","45 / 55","50 / 45","40",410,0.33251834,0.35752688,0.08064516,0.06829268,0.17073171,91.90204775507024,"sa3011309"
"Jeremy De La Rosa","WSN","CF","A+","20.5555555",,9,"30 / 40","30 / 55","55 / 60","60 / 60","45",358,0.27932961,0.31595092,0.10736196,0.08379888,0.34078212,64.79911867481106,"sa3011329"
"Hunter Bishop","SFG","LF","A+","24.1138888",,37,"30 / 40","35 / 55","70 / 70","55 / 55","35+",56,0.28571429,0.17777778,0.04444445,0.14285714,0.375,42.567045147658895,"sa3011413"
"Marcus Lee Sang","PHI","RF","A+","21.5944444",,40,"20 / 45","25 / 50","45 / 50","55 / 50","35+",133,0.32330827,0.45454545,0.1983471,0.08270677,0.27067669,102.58265414712278,"sa3011445"
"Jamari Baylor","PHI","2B","A","22.0027777",,23,"30 / 40","30 / 45","50 / 55","55 / 55","35+",169,0.37278107,0.44827586,0.17931034,0.11242604,0.35502959,121.36672806821169,"sa3011446"
"Cam Cannon","BOS","2B","AA","24.8055555",,58,"35 / 55","30 / 40","50 / 50","45 / 40","35+",435,0.33103448,0.43950617,0.15555555,0.05057471,0.11954023,107.41069398370547,"sa3011467"
"Josh Jung","TEX","3B","AAA","24.4833333",12,1,"45 / 55","50 / 60","60 / 60","40 / 40","60",342,0.39766082,0.59210526,0.26644737,0.09064327,0.22222222,151.8182736207496,"sa3011468"
"Yolbert Sanchez","CHW","SS","AAA","25.425",,21,"30 / 45","30 / 35","45 / 45","60 / 60","40",394,0.3515625,0.41944444,0.11111111,0.05837563,0.12436548,112.43732798328348,"sa3011471"
"Gunnar Henderson","BAL","3B","AAA","21.1027777",5,1,"35 / 50","40 / 55","50 / 55","50 / 40","60",463,0.34989201,0.47619048,0.21804512,0.12095032,0.30885529,120.43219615954756,"sa3011484"
"Michael Busch","LAD","2B","AAA","24.7416666",70,3,"50 / 55","45 / 55","60 / 60","50 / 45","50",495,0.38585859,0.48410758,0.21760391,0.14141414,0.26060606,134.171977688507,"sa3011540"
"Jadiel Sanchez","LAA","RF","A","21.2388888",,17,"30 / 50","30 / 40","35 / 45","50 / 50","40",110,0.35454545,0.39175258,0.11340206,0.1,0.17272727,106.79678737185986,"sa3011629"
"Jonny DeLuca","LAD","RF","AA","24.0722222",,33,"30 / 45","30 / 40","45 / 50","50 / 50","40",437,0.34782609,0.51937984,0.25581395,0.10526316,0.18993135,125.70971980747545,"sa3011644"
"Kameron Misner","TBR","CF","AA","24.5777777",,8,"30 / 40","40 / 50","60 / 60","60 / 60","45",462,0.35497835,0.43291139,0.17974683,0.12337662,0.29437229,118.32105646922757,"sa3011656"
"Jordan Brewer","HOU","CF","AA","25.0138888",,38,"20 / 30","30 / 45","55 / 55","60 / 60","35+",297,0.375,0.41035857,0.13545817,0.11447811,0.26936027,117.63641498359041,"sa3011737"
"Kyren Paris","LAA","2B","A+","20.7361111",,14,"35 / 55","30 / 30","40 / 45","70 / 70","40",206,0.38834951,0.45930233,0.19186047,0.14563107,0.31067961,126.64498952369765,"sa3011768"
"Willy Vasquez","TBR","CF","A","20.9166666",,10,"35 / 60","30 / 45","55 / 60","55 / 50","45",173,0.38150289,0.4109589,0.12328767,0.11560694,0.15606936,115.74903624723498,"sa3011821"
"Davis Wendzel","TEX","SS","AAA","25.2027777",,44,"30 / 40","30 / 40","55 / 55","40 / 40","35+",263,0.3460076,0.39910314,0.16143498,0.10646388,0.23193916,100.90687296460182,"sa3011890"
"Trei Cruz","DET","2B","A+","24.0861111",,13,"30 / 50","30 / 40","40 / 40","50 / 50","40",265,0.33840304,0.26829268,0.10731707,0.20754717,0.26415094,81.93901705518716,"sa3014420"
"Baron Radcliff","PHI","1B","A+","23.4916666",,37,"30 / 40","35 / 55","70 / 70","30 / 30","35+",334,0.37125749,0.37743191,0.18287938,0.21257485,0.33532934,112.57230401716737,"sa3014424"
"Hayden Cantrelle","SFG","2B","A","23.6972222",,40,"20 / 30","30 / 45","45 / 50","60 / 60","35+",384,0.36814621,0.30662021,0.1358885,0.21354167,0.265625,101.51061565556653,"sa3014426"
"Alika Williams","TBR","SS","A+","23.4",,24,"35 / 55","20 / 30","35 / 40","60 / 60","40",338,0.3115727,0.37459283,0.10749185,0.05621302,0.16568047,85.57447218974706,"sa3014427"
"David Hamilton","BOS","SS","AA","24.8527777",,19,"35 / 50","30 / 35","40 / 40","60 / 60","40+",459,0.34135667,0.41935484,0.16129032,0.10893246,0.19607843,110.36262106470505,"sa3014434"
"Alerick Soularie","MIN","2B","A+","23.0861111",,20,"30 / 45","35 / 50","50 / 55","55 / 55","40",150,0.36666667,0.36,0.12,0.15333333,0.24666667,106.25023666324974,"sa3014436"
"Garrett Mitchell","MIL","CF","AAA","23.9222222",,4,"35 / 50","30 / 45","60 / 60","70 / 70","45+",268,0.3880597,0.41176471,0.15384616,0.17164179,0.26492537,126.13097682511756,"sa3014438"
"Austin Wells","NYY","RF","AA","23.0666666",,9,"35 / 50","35 / 55","55 / 55","40 / 40","45",469,0.3901919,0.47643979,0.21204188,0.15138593,0.24946695,135.49478592818429,"sa3014440"
"Gage Workman","DET","SS","AA","22.7833333",,11,"30 / 35","30 / 50","50 / 55","50 / 50","40+",513,0.32617188,0.43362832,0.1880531,0.10331384,0.30604288,105.90341419208409,"sa3014441"
"Patrick Bailey","SFG","C","A+","23.1861111",,15,"35 / 60","30 / 40","50 / 50","30 / 30","40+",369,0.36585366,0.42902208,0.16403785,0.1300813,0.24661247,112.9455342509142,"sa3014442"
"Edouard Julien","MIN","LF","AA","23.2666666",,17,"30 / 40","35 / 50","55 / 55","40 / 40","40",514,0.43385214,0.47969543,0.21319797,0.21400778,0.28015564,154.05337439339831,"sa3014445"
"Trevor Hauver","TEX","LF","A+","23.7111111",,32,"30 / 40","35 / 45","50 / 50","40 / 40","35+",442,0.41628959,0.47293447,0.1994302,0.19004525,0.28280543,145.09690125307617,"sa3014448"
"Hudson Haskin","BAL","CF","AA","23.6",,22,"35 / 55","30 / 40","50 / 50","60 / 60","40",363,0.38055556,0.40584416,0.12987013,0.08815427,0.21487603,120.42525181163549,"sa3014449"
"Daniel Cabrera","DET","LF","AA","23.9194444",,27,"40 / 45","30 / 45","50 / 50","40 / 40","40",493,0.28513238,0.39198218,0.16035634,0.07099391,0.22920892,82.3002925887017,"sa3014452"
"Austin Martin","MIN","CF","AA","23.3694444",91,4,"50 / 60","30 / 40","45 / 45","50 / 50","50",418,0.4138756,0.38181818,0.11212121,0.14354067,0.19856459,127.95208525590081,"sa3014454"
"Pete Crow-Armstrong","CHC","CF","A+","20.3638888",29,2,"35 / 40","30 / 45","45 / 50","60 / 60","50",32,0.5625,0.5,0.08333333,0.21875,0.1875,203.41282395230436,"sa3014458"
"Isaiah Greene","CLE","CF","A","20.9361111",,24,"30 / 40","30 / 50","45 / 60","60 / 60","40+",191,0.42105263,0.36842105,0.07894737,0.18324607,0.21989529,120.20873755494428,"sa3014460"
"Petey Halpin","CLE","CF","A+","20.1944444",,17,"35 / 60","30 / 40","35 / 45","60 / 60","45",246,0.36326531,0.42533937,0.13122172,0.08536585,0.20325203,116.81561368603796,"sa3014461"
"Jordan Walker","STL","3B","AA","20.2055555",6,1,"40 / 50","50 / 80","70 / 80","50 / 40","60",366,0.38797814,0.54769231,0.23076923,0.09016393,0.23770492,151.31096265026352,"sa3014464"
"Owen Caissie","CHC","LF","A+","20.0777777",97,5,"30 / 40","25 / 60","55 / 65","40 / 30","50",226,0.43362832,0.48901099,0.18681319,0.18584071,0.29646018,147.98255532510308,"sa3014465"
"Alec Burleson","STL","RF","AAA","23.6972222",,9,"45 / 55","30 / 40","50 / 50","30 / 30","40+",503,0.32868526,0.45394737,0.18421053,0.08349901,0.20079523,107.610267821403,"sa3014466"
"Carson Taylor","LAD","C","AA","23.1777777",,37,"30 / 40","35 / 40","55 / 55","20 / 20","35+",342,0.37134503,0.43298969,0.15463917,0.13157895,0.18421053,122.52989775512273,"sa3014468"
"Anthony Servideo","BAL","SS","CPX","23.4027777",,42,"30 / 40","35 / 45","45 / 50","55 / 55","35+",92,0.48913043,0.31147541,0.06557377,0.30434783,0.2826087,146.8396941839876,"sa3014472"
"Colt Keith","DET","3B","A+","20.9777777",,6,"35 / 55","30 / 50","45 / 50","40 / 40","45",270,0.3962963,0.39285714,0.10714285,0.15185185,0.24444444,122.36035914224563,"sa3014474"
"Drew Millas","WSN","C","A+","24.5583333",,17,"30 / 35","30 / 30","45 / 45","50 / 45","40",384,0.37239583,0.34782609,0.08385093,0.140625,0.13802083,105.49769667509754,"sa3014475"
"Coby Mayo","BAL","RF","AA","20.6555555",63,6,"35 / 55","30 / 60","50 / 70","50 / 40","50",216,0.42592593,0.55494505,0.23626373,0.13425926,0.18518519,161.72297048695967,"sa3014479"
"Casey Schmitt","SFG","3B","AA","23.4305555",,16,"35 / 55","30 / 45","50 / 55","40 / 40","40+",280,0.31785714,0.4063745,0.15936255,0.07857143,0.15714286,90.52807284547285,"sa3014484"
"Tyler Gentry","KCR","RF","AA","23.5138888",,16,"30 / 45","35 / 50","50 / 55","55 / 55","40",186,0.39459459,0.44897959,0.19047619,0.15591398,0.29569892,134.79275942563604,"sa3014485"
"Tyler Soderstrom","OAK","1B","AA","20.7",52,2,"35 / 60","30 / 55","50 / 60","40 / 30","50",254,0.38976378,0.56756757,0.26126126,0.10629921,0.24015748,145.10120136245925,"sa3014489"
"Evan Carter","TEX","CF","A+","19.9361111",,7,"25 / 60","20 / 40","40 / 45","60 / 60","45+",146,0.43835616,0.38679245,0.15094339,0.23287671,0.19178082,137.79312504462092,"sa3014490"
"Aaron Sabato","MIN","1B","A+","23.1722222",,22,"30 / 45","40 / 55","60 / 60","30 / 30","40",464,0.37284483,0.4099723,0.20775623,0.19827586,0.32112069,119.72179589597768,"sa3014494"
"Kaden Polcovich","SEA","2B","AA","23.4583333",,28,"30 / 45","30 / 45","50 / 50","60 / 60","35+",421,0.35391924,0.39473684,0.17543859,0.14964371,0.24940618,104.82470067001978,"sa3014496"
"Jordan Westburg","BAL","2B","AAA","23.4666666",,8,"35 / 50","30 / 50","50 / 50","55 / 55","45",506,0.38932806,0.47877358,0.19339622,0.12055336,0.25098814,135.52978564627793,"sa3014499"
"Freddy Zamora","MIL","SS","AA","23.7638888",,13,"35 / 60","30 / 35","40 / 40","60 / 60","40+",413,0.40435835,0.42074928,0.12103746,0.13801453,0.18401937,131.47279293976433,"sa3014500"
"Werner Blakely","LAA","3B","A","20.4583333",,13,"30 / 35","30 / 50","45 / 60","45 / 45","40+",186,0.33870968,0.28378378,0.10135135,0.17741935,0.37096774,78.68670531185126,"sa3014502"
"Masyn Winn","STL","SS","AA","20.375",90,4,"35 / 55","30 / 50","45 / 55","60 / 60","50",438,0.32420091,0.35584416,0.11428572,0.10502283,0.2283105,89.53495853635938,"sa3014506"
"David Calabrese","LAA","CF","A","19.8611111",,46,"20 / 50","20 / 30","20 / 35","60 / 60","35+",165,0.3030303,0.30555556,0.10416667,0.12121212,0.32727273,67.55352900467814,"sa3014507"
"Nick Gonzales","PIT","2B","CPX","23.1916666",98,5,"30 / 45","35 / 55","55 / 55","60 / 60","50",369,0.38482385,0.56481481,0.26234567,0.10840108,0.27371274,149.79984753793974,"sa3014510"
"Nick Loftin","KCR","CF","AAA","23.8638888",,4,"50 / 60","30 / 40","45 / 45","55 / 55","45",410,0.37346437,0.46348315,0.17415731,0.10243902,0.14634146,130.2784180381478,"sa3014511"
"Zac Veen","COL","RF","AA","20.65",64,3,"30 / 45","35 / 60","55 / 70","60 / 55","50",479,0.39915966,0.50125313,0.20050125,0.13361169,0.26304802,135.4018956030448,"sa3014516"
"Austin Hendrick","CIN","RF","A+","21.1416666",,13,"20 / 40","25 / 55","60 / 60","50 / 45","40+",266,0.37969925,0.38755981,0.17703349,0.19172932,0.37593985,118.67324183508832,"sa3014521"
"Drew Romo","COL","C","A+","20.9361111",51,2,"30 / 50","30 / 45","55 / 60","30 / 30","50",339,0.34513274,0.43910256,0.125,0.0560472,0.14749263,104.12977716689575,"sa3014522"
"Casey Martin","PHI","SS","A+","23.3305555",,17,"30 / 35","35 / 45","55 / 60","80 / 80","40",427,0.29107981,0.31016043,0.11229947,0.09601874,0.28103044,69.08715372098855,"sa3014524"
"A.J. Vukovich","ARI","1B","A+","21.0444444",,13,"30 / 45","35 / 55","60 / 70","30 / 20","40+",400,0.32,0.44565217,0.17391304,0.055,0.2625,99.32269063551841,"sa3014525"
"Justin Foscue","TEX","2B","AA","23.4277777",,9,"40 / 45","40 / 50","60 / 60","30 / 30","45",267,0.37078652,0.58951965,0.31441048,0.09363296,0.26966292,148.69547653669153,"sa3014527"
"Dillon Dingler","DET","C","AA","23.8861111",102,2,"30 / 40","30 / 45","50 / 50","45 / 45","50",361,0.31024931,0.4068323,0.16770187,0.06094183,0.27977839,95.29935611558162,"sa3014528"
"Jackson Miller","CIN","C","A","20.5916666",,37,"30 / 40","30 / 40","40 / 50","40 / 30","40",7,0.71428571,0.5,0,0.28571429,0,249.273635848617,"sa3014529"
"Jordan Nwogu","CHC","CF","A+","23.4055555",,46,"30 / 35","30 / 50","55 / 60","55 / 55","35+",373,0.34408602,0.39009288,0.14241486,0.11260054,0.28150134,103.37726831993557,"sa3014530"
"Joey Wiemer","MIL","RF","AAA","23.4861111",69,2,"30 / 40","35 / 60","60 / 70","55 / 50","50",472,0.40254237,0.55555556,0.26010101,0.13347458,0.22245763,155.35542012941758,"sa3014531"
"Jesse Franklin V","ATL","CF","AA","23.6805555",,22,"30 / 45","35 / 50","50 / 55","50 / 50","40",406,0.32019704,0.52222222,0.27777778,0.08374384,0.28325123,118.04719122050258,"sa3014532"
"Blaze Jordan","BOS","1B","A+","19.6305555",,14,"25 / 55","30 / 55","55 / 60","35 / 30","40+",114,0.36842105,0.59047619,0.26666667,0.07017544,0.18421053,144.73375286704757,"sa3014537"
"Ed Howard","CHC","SS","A+","20.5222222",,15,"30 / 45","30 / 45","40 / 45","50 / 50","45",326,0.27692308,0.31456954,0.08940398,0.05521472,0.3006135,63.62523514732822,"sa3014540"
"Milan Tolentino","CLE","SS","A+","20.7194444",,39,"30 / 40","30 / 30","40 / 45","55 / 55","40",208,0.33333333,0.42473118,0.15591398,0.07692308,0.29807692,99.73169286572877,"sa3014544"
"Nick Yorke","BOS","2B","A+","20.3444444",56,4,"35 / 60","30 / 50","40 / 45","50 / 45","50",442,0.41176471,0.51587302,0.19047619,0.11764706,0.1561086,148.92926303841114,"sa3014546"
"Zach DeLoach","SEA","RF","AA","23.9666666",,23,"30 / 50","30 / 50","50 / 50","60 / 55","35+",501,0.37325349,0.46774194,0.19124424,0.11976048,0.24151697,126.33577239900063,"sa3014547"
"Jimmy Glowenke","SFG","2B","A+","23.1694444",,55,"35 / 55","30 / 35","45 / 45","40 / 40","35+",425,0.36705882,0.44444444,0.18888888,0.11529412,0.23529412,115.65969065874012,"sa3014548"
"Zavier Warren","MIL","3B","A+","23.5777777",,41,"35 / 50","30 / 40","50 / 55","50 / 40","35+",387,0.36692506,0.44171779,0.18404908,0.13178295,0.20930233,122.25995893663044,"sa3014549"
"Juan Chacon","BOS","CF","CPX","19.6722222",,29,"20 / 50","20 / 50","40 / 50","60 / 55","40",197,0.42639594,0.38414634,0.07317073,0.1319797,0.1319797,136.38013798626307,"sa3014676"
"Kevin Made","CHC","SS","A+","19.9055555",,29,"20 / 40","20 / 45","35 / 50","55 / 55","40",243,0.2962963,0.36595745,0.09361702,0.02469136,0.2345679,80.10660201039778,"sa3014679"
"Adael Amador","COL","SS","A","19.3194444",,5,"20 / 50","20 / 35","40 / 45","60 / 60","45",200,0.39393939,0.44512195,0.14634146,0.135,0.145,122.38056362010352,"sa3014682"
"Roberto Campos","DET","RF","A","19.1444444",,16,"20 / 50","25 / 55","55 / 60","45 / 40","40",155,0.31612903,0.44117647,0.21323529,0.10967742,0.26451613,98.48630169921238,"sa3014683"
"Dauri Lorenzo","HOU","SS","CPX","19.7694444",,32,"25 / 55","25 / 45","40 / 50","50 / 50","35+",157,0.31612903,0.31205674,0.06382979,0.08917197,0.22292994,74.75978420608776,"sa3014685"
"Arol Vera","LAA","SS","A","19.9",,5,"20 / 50","20 / 40","45 / 55","50 / 50","45",254,0.37007874,0.40088106,0.0969163,0.07086614,0.23228346,107.51405612496033,"sa3014687"
"Adrian Placencia","LAA","2B","A","19.1777777",,10,"20 / 55","20 / 40","40 / 50","50 / 50","40+",175,0.32571429,0.34265734,0.16783217,0.16,0.28,83.6475645748181,"sa3014688"
"Jose Salas","MIA","SS","A+","19.2777777",81,2,"25 / 60","20 / 50","45 / 55","55 / 50","50",230,0.39130435,0.405,0.1,0.09565217,0.22173913,121.05947015708975,"sa3014690"
"Ian Lewis","MIA","2B","A","19.5055555",,8,"20 / 45","20 / 55","45 / 60","70 / 70","45+",161,0.35403727,0.4966443,0.19463088,0.06832298,0.14906832,122.4106190689755,"sa3014691"
"Hedbert Perez","MIL","LF","A","19.3388888",,23,"20 / 40","25 / 55","55 / 60","55 / 45","40",200,0.33,0.45945946,0.18378378,0.045,0.295,106.13736254514968,"sa3014692"
"Emmanuel Rodriguez","MIN","CF","A","19.4333333",,14,"20 / 40","25 / 55","50 / 55","50 / 50","40+",153,0.34640523,0.52380952,0.30952381,0.1503268,0.36601307,123.59420107276095,"sa3014693"
"Alex Ramirez","NYM","CF","A+","19.5638888",65,4,"20 / 45","20 / 55","50 / 60","55 / 55","50",334,0.32634731,0.38410596,0.12582781,0.06886228,0.31137725,95.84642147798354,"sa3014695"
"Jasson Dominguez","NYY","CF","A+","19.4972222",67,3,"20 / 50","20 / 60","60 / 60","60 / 55","50",241,0.3526971,0.37864078,0.1262136,0.1120332,0.30290456,103.64868124225617,"sa3014696"
"Robert Puason","OAK","SS","CPX","19.9027777",,40,"20 / 30","20 / 45","45 / 60","50 / 50","35+",337,0.28228228,0.29139073,0.07615894,0.07121662,0.41246291,56.20673647547109,"sa3014697"
"Robert Hassell III","WSN","RF","A+","20.975",41,3,"35 / 55","30 / 50","45 / 50","55 / 55","50",516,0.39341085,0.46952596,0.16704289,0.12790698,0.19186047,130.36117696601687,"sa3014701"
"Reginald Preciado","CHC","3B","CPX","19.2222222",,17,"20 / 40","20 / 60","45 / 60","40 / 40","40+",154,0.38311688,0.5106383,0.17730497,0.07142857,0.22727273,131.54605220111546,"sa3014702"
"Ismael Mena","CHC","CF","CPX","19.6833333",,54,"25 / 55","20 / 40","40 / 50","60 / 60","35+",178,0.28651685,0.29487179,0.07051282,0.08426966,0.25280899,56.422685264907074,"sa3014703"
"Aeverson Arteaga","SFG","SS","A","19.3888888",,4,"20 / 40","25 / 45","40 / 45","60 / 60","45",229,0.36244541,0.495,0.205,0.10043668,0.30567686,120.31684494599494,"sa3014707"
"Maximo Acosta","TEX","SS","A","19.7694444",,16,"25 / 55","20 / 40","40 / 50","50 / 45","40+",68,0.27941176,0.39344262,0.14754098,0.04411765,0.22058824,69.67509673709843,"sa3014711"
"Rikelbin De Castro","TOR","SS","CPX","19.5361111",,11,"20 / 50","20 / 35","30 / 45","60 / 55","40+",156,0.37179487,0.3968254,0.15873016,0.15384615,0.25641026,110.94469464315753,"sa3014714"
"Estiven Machado","TOR","2B","A","19.8388888",,18,"25 / 60","20 / 30","30 / 40","55 / 55","40",1,1,1,0,0,0,455.7372441909444,"sa3014715"
"Sammy Infante","WSN","3B","A","21.1222222",,22,"30 / 50","30 / 50","50 / 55","50 / 40","40",143,0.32867133,0.36363636,0.14876033,0.11888112,0.3006993,89.86703919117791,"sa3014717"
"Roismar Quintana","WSN","RF","CPX","19.5",,34,"20 / 50","20 / 50","55 / 60","55 / 50","35+",20,0.55,0.69230769,0.38461538,0.3,0.25,218.29474707047353,"sa3014718"
"Michael Guldberg","OAK","CF","AA","23.1222222",,35,"35 / 50","30 / 40","40 / 40","60 / 60","40",206,0.34673367,0.41954023,0.16091954,0.08252427,0.17475728,112.43187880026727,"sa3014822"
"J.C. Correa","HOU","C","A+","23.8916666",,18,"35 / 55","30 / 35","30 / 30","40 / 40","35+",448,0.36830357,0.46437346,0.15479115,0.078125,0.13169643,125.56624180781998,"sa3014823"
"Pedro Leon","HOU","CF","AAA","24.1888888",,6,"30 / 40","40 / 50","55 / 55","60 / 60","45",301,0.33887043,0.36862745,0.14901961,0.12956811,0.30564784,92.64893913782365,"sa3014838"
"Matt Dyer","TBR","C","A+","24.0611111",,48,"20 / 30","30 / 40","55 / 55","55 / 55","35+",267,0.35205993,0.51948052,0.25974026,0.10861423,0.3071161,131.06360829076152,"sa3014883"
"Brett Auerbach","SFG","C","AA","23.9416666",,34,"35 / 55","30 / 35","40 / 40","55 / 55","40",368,0.37874659,0.52848101,0.24050633,0.10869565,0.24184783,137.76597915894837,"sa3014941"
"Matt Mervis","CHC","1B","AAA","24.3055555",,51,"40 / 40","50 / 50","60 / 60","30 / 30","35+",304,0.31023102,0.36679537,0.15830116,0.12171053,0.23026316,84.95691237095213,"sa3015051"
"Zac Cook","TOR","CF","AA","24.2694444",,31,"30 / 35","35 / 50","55 / 55","45 / 40","35+",336,0.37797619,0.48920863,0.23381295,0.0922619,0.29761905,134.42130671404954,"sa3015090"
"Yhoswar Garcia","PHI","CF","A","20.8972222",,41,"30 / 45","30 / 40","50 / 60","70 / 70","35+",77,0.2987013,0.27142857,0.04285714,0.07792208,0.2987013,62.80072615439186,"sa3015117"
"Yoelqui Cespedes","CHW","CF","AA","24.8666666",,17,"20 / 30","40 / 45","60 / 60","60 / 60","40",299,0.35016835,0.46296296,0.17777777,0.05351171,0.27759197,121.03889723838999,"sa3015137"
"Deyvison De Los Santos","ARI","3B","A+","19.125",,8,"20 / 40","25 / 60","60 / 70","40 / 30","45",255,0.37007874,0.48898678,0.19383259,0.10196078,0.2627451,124.00269392592648,"sa3015168"
"Juan Corniel","ARI","SS","A","19.8444444",,28,"20 / 40","20 / 40","30 / 45","60 / 60","40",207,0.28502415,0.32446809,0.07978724,0.05797101,0.24637681,60.546218985392265,"sa3015169"
"Yerlin Confidan","CIN","RF","CPX","19.6388888",,20,"20 / 35","25 / 60","60 / 70","50 / 40","40+",192,0.359375,0.57303371,0.25842697,0.0625,0.25,134.75823674100914,"sa3015176"
"Braylin Minier","CIN","3B","A","19.1527777",,47,"20 / 55","20 / 40","45 / 50","20 / 20","35+",159,0.3081761,0.39310345,0.13793104,0.06918239,0.29559748,83.02488824390647,"sa3015177"
"Manuel Sequera","DET","2B","A","19.8555555",,21,"20 / 40","25 / 50","50 / 55","40 / 30","40",194,0.31443299,0.50877193,0.26315789,0.07731959,0.29381443,109.0076454975708,"sa3015179"
"Yeiner Fernandez","LAD","C","A","19.8805555",,40,"20 / 50","20 / 30","30 / 40","50 / 50","35+",191,0.41361257,0.48837209,0.13372093,0.06282723,0.15706806,139.42853571165173,"sa3015182"
"Adrian Sugastey","SFG","C","A","19.7861111",,31,"25 / 50","20 / 30","40 / 45","20 / 20","40",163,0.40490798,0.43918919,0.08108108,0.07361963,0.1595092,125.96261328982521,"sa3015190"
"Kala'i Rosario","MIN","LF","A","20.0944444",,23,"30 / 40","25 / 55","55 / 60","45 / 40","40",208,0.34134615,0.45212766,0.17553192,0.09134615,0.31730769,109.1188090028065,"sa3015199"
"Yosy Galan","TEX","RF","A","21.2805555",,31,"20 / 30","35 / 60","70 / 80","50 / 50","35+",203,0.33990148,0.53107345,0.27683616,0.08866995,0.39408867,118.99736156864029,"sa3015202"
"Jose Fernandez","ARI","SS","CPX","18.8722222",,25,"20 / 35","20 / 40","35 / 50","60 / 60","40",126,0.32,0.30357143,0.05357143,0.08730159,0.30952381,71.77019051274883,"sa3015204"
"Edgar Quero","LAA","C","A","19.3333333",,7,"25 / 55","20 / 40","40 / 50","30 / 20","40+",158,0.40506329,0.46280992,0.2231405,0.17721519,0.27848101,131.3309396507246,"sa3015239"
"Tsung-Che Cheng","PIT","SS","A","21.0833333",,63,"35 / 60","20 / 20","20 / 20","60 / 60","35+",157,0.44871795,0.49180328,0.18032787,0.1910828,0.08917197,153.89203002216274,"sa3015376"
"Jeferson Quero","MIL","C","A+","19.8277777",,7,"25 / 50","20 / 55","50 / 60","30 / 20","45",83,0.43373494,0.5,0.19117647,0.14457831,0.12048193,148.40060593087833,"sa3015407"
"Yiddi Cappe","MIA","SS","A","19.9694444",,7,"25 / 50","20 / 50","45 / 60","55 / 55","45+",216,0.3287037,0.4021164,0.13227513,0.08796296,0.16203704,102.77715288886304,"sa3015515"
"Junior Caminero","TBR","3B","CPX","19.0861111",,18,"20 / 45","25 / 55","45 / 55","40 / 40","40+",171,0.38011696,0.53424658,0.23972603,0.11695906,0.16374269,144.60072271210015,"sa3015532"
"Adrian Pinto","TOR","CF","A","19.8722222",,27,"25 / 55","20 / 30","30 / 40","55 / 55","35+",224,0.48648649,0.54285714,0.18285714,0.16964286,0.08035714,184.95763866316844,"sa3015542"
"Javier Sanoja","MIA","SS","A","19.925",,32,"25 / 55","20 / 30","20 / 30","60 / 60","35+",244,0.30737705,0.33333333,0.10045662,0.07377049,0.04508197,85.01606577822442,"sa3015564"
"Onil Perez","SFG","C","CPX","19.9055555",,43,"20 / 45","20 / 45","40 / 50","30 / 30","35+",134,0.44776119,0.39805825,0.10679611,0.2238806,0.1119403,147.25122946109664,"sa3015610"
"Lizandro Espinoza","STL","SS","CPX","19.7111111",,17,"25 / 60","20 / 35","30 / 40","50 / 50","40",141,0.39568345,0.38461538,0.09401709,0.12056738,0.14893617,124.27430169937304,"sa3015611"
"Christian Cerda","ARI","C","CPX","19.6083333",,45,"20 / 45","20 / 40","45 / 55","20 / 20","35+",164,0.36585366,0.33834586,0.12030075,0.15243902,0.15243902,109.16096622371164,"sa3015623"
"Yanquiel Fernandez","COL","LF","A","19.5972222",,9,"20 / 50","25 / 60","50 / 70","40 / 30","40+",202,0.40594059,0.53107345,0.19774012,0.10891089,0.12871287,154.21860506943682,"sa3015648"
"Luis Mendez","COL","SS","CPX","19.7666666",,25,"25 / 55","20 / 35","30 / 40","60 / 60","40",224,0.35267857,0.43298969,0.17010309,0.09821429,0.21428571,119.5111447247565,"sa3015650"
"Wilman Diaz","LAD","SS","CPX","18.725",,21,"20 / 45","20 / 40","40 / 50","60 / 60","40+",94,0.30851064,0.35294118,0.11764706,0.09574468,0.27659574,88.88541530817879,"sa3015694"
"Armando Cruz","WSN","SS","CPX","18.5555555",,14,"20 / 45","20 / 30","20 / 30","55 / 55","40",197,0.29230769,0.30508475,0.07344633,0.08121827,0.13705584,72.85068269466544,"sa3015695"
"Cristian Hernandez","CHC","SS","CPX","18.6472222",80,4,"25 / 50","20 / 40","45 / 55","55 / 55","50",191,0.39790576,0.42405063,0.1392405,0.15706806,0.20418848,132.34040493558192,"sa3015696"
"Cristian Santana","DET","SS","A","18.6972222",,4,"25 / 60","25 / 50","40 / 50","50 / 45","45",216,0.4212963,0.52046784,0.25146199,0.13888889,0.21296296,160.70304276599134,"sa3015697"
"Danny De Andrade","MIN","SS","CPX","18.3222222",,18,"25 / 50","20 / 40","30 / 45","50 / 50","40",200,0.34,0.34831461,0.08426967,0.075,0.135,99.28893826615277,"sa3015698"
"Shalin Polanco","PIT","CF","CPX","18.5",,46,"20 / 50","20 / 50","40 / 50","40 / 40","40",176,0.28409091,0.33757962,0.13375796,0.10227273,0.25,77.17467749725849,"sa3015699"
"Jesus Galiz","LAD","C","CPX","18.6583333",,27,"20 / 40","20 / 40","45 / 50","30 / 20","40",112,0.28571429,0.28712871,0.06930693,0.0625,0.15178571,67.85177292553267,"sa3015700"
"Jhonny Piron","TBR","CF","CPX","18.1777777",,55,"20 / 45","20 / 40","40 / 50","70 / 70","35+",205,0.36585366,0.36904762,0.13690476,0.14146341,0.21463415,113.96303363537514,"sa3015702"
"Pedro Pineda","OAK","CF","CPX","18.9166666",,33,"20 / 45","25 / 60","50 / 60","60 / 50","40",117,0.36752137,0.36082474,0.12371134,0.15384615,0.35042735,104.95558750662069,"sa3015703"
"Jackson Chourio","MIL","CF","A+","18.4027777",47,1,"20 / 60","20 / 45","40 / 50","60 / 60","50",189,0.38624339,0.44654088,0.1509434,0.12169312,0.14814815,131.3449292884183,"sa3015704"
"Victor Acosta","CIN","SS","CPX","18.1555555",,23,"20 / 45","20 / 45","35 / 50","60 / 60","40",240,0.43096234,0.48387097,0.19892473,0.15833333,0.1875,153.30756761890777,"sa3015705"
"Angel Genao","CLE","SS","CPX","18.2138888",,23,"20 / 50","20 / 45","35 / 45","50 / 50","40+",192,0.421875,0.36423841,0.09933775,0.203125,0.15104167,132.8243745031523,"sa3015706"
"Manuel Beltre","TOR","SS","CPX","18.1583333",,35,"25 / 55","20 / 40","40 / 45","55 / 55","35+",238,0.3907563,0.34615385,0.12087912,0.17647059,0.13865546,118.7402866594385,"sa3015710"
"Denzer Guzman","LAA","SS","CPX","18.4944444",,8,"20 / 50","20 / 40","40 / 50","45 / 40","40+",164,0.31097561,0.36170213,0.14893617,0.12195122,0.14634146,91.55049764694148,"sa3015711"
"Maikol Hernandez","BAL","SS","CPX","18.8388888",,31,"20 / 45","20 / 50","30 / 50","50 / 40","40",156,0.33974359,0.30769231,0.07692308,0.12820513,0.21153846,91.77821733893299,"sa3015712"
"Manuel Pena","ARI","3B","A","18.6694444",,15,"20 / 50","25 / 55","45 / 60","45 / 40","40+",222,0.34234234,0.36082474,0.10824742,0.11711712,0.20720721,101.30906687804003,"sa3015715"
"Yemal Flores","PHI","CF","CPX","18.7055555",,20,"20 / 50","20 / 50","45 / 55","40 / 40","40",140,0.30714286,0.31623932,0.14529915,0.15,0.35714286,84.02245063358909,"sa3015717"
"Samuel Zavala","SDP","RF","A","18.0583333",,4,"25 / 60","20 / 45","40 / 50","50 / 50","40+",235,0.4,0.48717949,0.18974359,0.13617021,0.15319149,143.77352604991756,"sa3015718"
"Yeison Morrobel","TEX","CF","CPX","18.6611111",,11,"25 / 60","20 / 45","40 / 50","55 / 60","45",229,0.39473684,0.41081081,0.14054054,0.13100437,0.10917031,130.24103881905154,"sa3015720"
"Gabriel Gonzalez","SEA","RF","A","18.5888888",,13,"25 / 50","20 / 50","50 / 55","40 / 30","40",221,0.37104072,0.5212766,0.23404256,0.09502262,0.15837104,140.9256487083243,"sa3015723"
"Danyer Cueva","TEX","SS","CPX","18.1916666",,25,"20 / 50","20 / 45","45 / 55","45 / 40","40",232,0.375,0.38118812,0.0990099,0.09482759,0.20689655,118.46211580962958,"sa3015725"
"Yeferson Tineo","TEX","SS","DSL","18.8222222",,47,"25 / 55","20 / 30","20 / 40","60 / 60","35+",175,0.32758621,0.29861111,0.09027778,0.15428571,0.27428571,82.88012948703238,"sa3015726"
"Hendry Mendez","MIL","CF","A","18.7472222",,21,"25 / 60","20 / 40","40 / 50","50 / 50","40",138,0.40875912,0.47008547,0.15384615,0.12318841,0.08695652,139.28120618193304,"sa3015727"
"Kevin Guerrero","BAL","RF","CPX","18.3027777",,32,"25 / 55","20 / 50","40 / 55","50 / 50","40",159,0.37341772,0.29770992,0.03816794,0.14465409,0.20754717,102.2061552542333,"sa3015737"
"Ronald Hernandez","MIA","C","CPX","18.7861111",,20,"25 / 50","20 / 40","35 / 45","30 / 30","40",170,0.36470588,0.35820896,0.14925374,0.18235294,0.18823529,109.7693837872215,"sa3015738"
"Leonardo Bernal","STL","C","A","18.4805555",,15,"20 / 50","20 / 40","40 / 45","40 / 40","40",178,0.29775281,0.37341772,0.16455696,0.09550562,0.15730337,90.04419529804754,"sa3015773"
"Thayron Liranzo","LAD","C","CPX","19.0861111",,26,"20 / 40","20 / 50","45 / 55","30 / 30","40",85,0.39285714,0.35294118,0.10294118,0.16470588,0.23529412,118.25632373965706,"sa3015790"
"Hector Rodriguez","CIN","2B","CPX","18.4027777",,57,"25 / 60","20 / 30","20 / 30","45 / 45","35+",141,0.37588652,0.47154472,0.17073171,0.09219858,0.12056738,132.56179599203898,"sa3015828"
"Fidel Montero","NYY","RF","DSL","18.6305555",,34,"20 / 45","25 / 55","55 / 70","60 / 50","35+",225,0.38666667,0.33918129,0.14619883,0.19555556,0.4,118.12202907894114,"sa3015856"
"Enderso Lira","BOS","C","CPX","18.8194444",,48,"25 / 55","20 / 45","40 / 45","30 / 20","35+",162,0.41358025,0.33606557,0.09016393,0.19753086,0.11111111,124.85269595049004,"sa3016145"
"Juan Alonso","LAD","CF","CPX","18.7583333",,38,"20 / 50","20 / 50","40 / 50","50 / 50","35+",133,0.33082707,0.31623932,0.07692308,0.09774436,0.2406015,90.81658292635119,"sa3016331"
"Robert Lopez","CLE","C","CPX","18.5944444",,32,"25 / 55","20 / 40","35 / 40","40 / 30","40",124,0.31451613,0.29411765,0.12745098,0.13709677,0.25806452,83.50832436693263,"sa3016641"
"Rayne Doncon","LAD","2B","CPX","18.8722222",,11,"25 / 60","20 / 55","40 / 55","45 / 40","45",119,0.38655462,0.45454545,0.17171717,0.13445378,0.23529412,132.52705556062517,"sa3016720"
"Carlos Jorge","CIN","2B","CPX","18.8722222",,42,"25 / 60","20 / 30","20 / 35","55 / 60","35+",188,0.43617021,0.57861635,0.2327044,0.12765957,0.17021277,173.88753324643653,"sa3016722"
"Spencer Packard","SEA","LF","CPX","24.8166666",,19,"35 / 55","30 / 45","50 / 50","30 / 30","35+",145,0.36551724,0.37903226,0.12096774,0.11034483,0.13793103,104.10771612523847,"sa3016803"
"Tanner Murray","TBR","2B","A+","22.925",,26,"35 / 60","30 / 40","30 / 40","45 / 40","40",175,0.4,0.55483871,0.22580645,0.07428571,0.14857143,153.25903466851653,"sa3016805"
"Marcos Castanon","SDP","2B","A","23.3694444",,29,"35 / 55","30 / 40","45 / 45","30 / 30","35+",56,0.19642857,0.33333333,0.19607843,0.03571429,0.28571429,32.18702781752633,"sa3016818"
"Max Ferguson","BOS","2B","A+","22.9527777",,46,"30 / 35","20 / 30","20 / 30","70 / 70","35+",152,0.38157895,0.29661017,0.08474576,0.20394737,0.27631579,96.97481930533722,"sa3016819"
"Jackson Merrill","SDP","SS","A","19.2972222",,3,"25 / 55","20 / 40","30 / 45","50 / 45","45",120,0.33898305,0.38317757,0.10280374,0.08333333,0.225,92.39260625860511,"sa3016829"
"Miguel Bleis","BOS","RF","CPX","18.4305555",,7,"20 / 50","25 / 60","45 / 60","50 / 50","45",136,0.33088235,0.42016807,0.16806723,0.08823529,0.18382353,109.063999669793,"sa3016834"
"Charlie Welch","SEA","C","CPX","22.4944444",,25,"30 / 45","30 / 40","45 / 45","30 / 30","35+",58,0.46551724,0.58695652,0.23913043,0.17241379,0.25862069,171.4550351492993,"sa3016858"
"Tyler McDonough","BOS","CF","A+","23.3444444",,16,"30 / 50","30 / 40","45 / 45","50 / 50","40+",139,0.38848921,0.49586777,0.19834711,0.12230216,0.20143885,138.87136019419805,"sa3016869"
"James Wood","WSN","CF","A","19.8861111",66,4,"20 / 50","20 / 60","60 / 70","60 / 50","50",101,0.46534653,0.53488372,0.1627907,0.12871287,0.31683168,165.6332609570223,"sa3016870"
"Ryan Bliss","ARI","2B","A+","22.6472222",,36,"35 / 50","30 / 40","45 / 45","55 / 55","35+",182,0.32596685,0.44848485,0.18181818,0.07142857,0.23076923,101.07077642818803,"sa3016951"
"Adrian Del Castillo","ARI","C","CPX","22.8583333",,37,"35 / 55","30 / 40","45 / 45","30 / 30","35+",98,0.36734694,0.42168675,0.15662651,0.1122449,0.29591837,111.11725834673787,"sa3016957"
"Corey Rosier","BOS","CF","A+","22.9138888",,28,"30 / 50","30 / 35","40 / 40","70 / 70","40",144,0.45138889,0.57024793,0.19008264,0.125,0.15277778,164.98320967874702,"sa3016961"
"Izaac Pacheco","DET","3B","A+","19.7166666",,14,"20 / 30","25 / 55","60 / 65","45 / 30","40",125,0.33870968,0.33018868,0.10377359,0.144,0.344,87.5454405939987,"sa3016969"
"Angel Arevalo","OAK","2B","CPX","18.8444444",,39,"25 / 55","20 / 30","30 / 40","60 / 60","35+",96,0.4375,0.47297297,0.17567567,0.1875,0.19791667,154.34665298680517,"sa3016972"
"Trey Sweeney","NYY","3B","A+","22.2833333",,11,"35 / 50","35 / 55","55 / 60","40 / 40","45",138,0.38405797,0.54782609,0.28695652,0.15942029,0.22463768,147.55563814742035,"sa3016973"
"Colton Cowser","BAL","CF","AA","22.3777777",34,5,"35 / 70","30 / 45","40 / 45","55 / 55","50",149,0.48993289,0.49166667,0.11666667,0.16778523,0.15436242,172.79613051780706,"sa3017018"
"Connor Norby","BAL","2B","AA","22.1611111",,14,"35 / 55","30 / 45","40 / 45","50 / 50","40+",150,0.38,0.40495868,0.14049587,0.14666667,0.23333333,117.57486838557226,"sa3017019"
"Joshua Baez","STL","RF","CPX","19.1055555",,18,"20 / 40","25 / 60","60 / 70","50 / 40","40",95,0.30526316,0.30263158,0.14473684,0.14736842,0.29473684,65.38243295677091,"sa3017022"
"Henry Davis","PIT","C","AA","22.875",19,1,"35 / 50","35 / 70","70 / 70","40 / 40","55",31,0.38709677,0.80769231,0.5,0.12903226,0.32258065,188.7857035908123,"sa3017042"
"Alex Binelas","BOS","3B","AA","22.1944444",,40,"35 / 60","30 / 50","50 / 50","30 / 30","35+",159,0.38993711,0.58273381,0.27338129,0.10691824,0.24528302,155.8850690660682,"sa3017044"
"Sal Frelick","MIL","CF","AAA","22.2972222",,3,"35 / 60","30 / 45","40 / 45","60 / 60","45+",169,0.41420118,0.46575342,0.1369863,0.12426036,0.14792899,139.65943232150752,"sa3017047"
"Justyn-Henry Malloy","ATL","3B","AA","22.4638888",,32,"35 / 50","30 / 40","50 / 50","40 / 40","35+",147,0.3877551,0.43442623,0.16393443,0.16326531,0.20408163,126.07319368747596,"sa3017073"
"Luke Waddell","ATL","2B","AA","24.0638888",,17,"55 / 70","20 / 30","30 / 30","40 / 40","40",111,0.32432432,0.45,0.19,0.08108108,0.15315315,106.16231879410685,"sa3017075"
"Will Wagner","HOU","2B","AA","24.0194444",,17,"50 / 55","30 / 35","30 / 30","45 / 45","35+",134,0.3880597,0.43589744,0.13675214,0.11940299,0.24626866,128.19462964748826,"sa3017079"
"Wyatt Young","NYM","2B","AA","22.6694444",,33,"55 / 60","20 / 30","20 / 20","40 / 40","35+",101,0.42574257,0.47826087,0.10869565,0.08910891,0.20792079,144.68746551480686,"sa3017081"
"Marcelo Mayer","BOS","SS","A+","19.65",17,2,"25 / 60","20 / 55","45 / 55","40 / 40","55",107,0.37735849,0.43956044,0.16483517,0.14018692,0.25233645,120.51810281222401,"sa3017114"
"Donta' Williams","BAL","CF","A+","23.1",,28,"35 / 55","30 / 35","40 / 40","60 / 60","40",111,0.44144144,0.36046512,0.06976745,0.20720721,0.15315315,131.71919433020508,"sa3017152"
"Matt McLain","CIN","SS","AA","23",,7,"35 / 60","30 / 40","45 / 45","60 / 60","45",126,0.38888889,0.46226415,0.17924528,0.13492063,0.19047619,133.98719371817907,"sa3017154"
"Cody Morissette","MIA","2B","A+","22.5555555",,12,"35 / 55","20 / 45","45 / 45","55 / 55","45",159,0.3081761,0.29927007,0.09489051,0.12578616,0.23899371,73.22574154832854,"sa3017158"
"John Rhodes","BAL","3B","AA","21.975",,43,"30 / 35","30 / 45","50 / 55","50 / 50","35+",123,0.3495935,0.35185185,0.09259259,0.09756098,0.15447154,98.5921904629474,"sa3017162"
"Cameron Cauley","TEX","SS","A","19.5",,48,"25 / 45","20 / 30","30 / 35","60 / 60","35+",103,0.31067961,0.38297872,0.12765957,0.0776699,0.30097087,81.64775079065876,"sa3017167"
"Tyler Collins","ATL","CF","CPX","19.4166666",,33,"25 / 55","20 / 35","30 / 40","60 / 60","35+",85,0.42352941,0.45333333,0.10666666,0.08235294,0.27058824,139.69474341700442,"sa3017168"
"Benny Montgomery","COL","CF","A","19.9083333",,7,"20 / 50","20 / 40","45 / 60","70 / 70","45",52,0.40384615,0.38297872,0.04255319,0.09615385,0.17307692,116.17251766481893,"sa3017169"
"Colson Montgomery","CHW","3B","A+","20.4416666",80,1,"30 / 45","30 / 60","50 / 65","50 / 40","50",111,0.3963964,0.36170213,0.07446809,0.11711712,0.1981982,112.03738756738642,"sa3017170"
"Ian Moller","TEX","C","A","19.7777777",,36,"20 / 35","20 / 40","45 / 55","40 / 40","35+",63,0.38095238,0.48,0.26,0.14285714,0.31746032,123.27154632730479,"sa3017171"
"Wes Kath","CHW","3B","A","20.0083333",,9,"30 / 40","25 / 50","45 / 55","50 / 45","40+",115,0.28695652,0.33653846,0.125,0.06956522,0.36521739,66.38796269068463,"sa3017172"
"Hunter Goodman","COL","C","A+","22.8277777",,30,"30 / 40","35 / 55","60 / 60","30 / 30","40",74,0.41891892,0.51666667,0.21666667,0.12162162,0.18918919,145.05316578317925,"sa3017173"
"Reed Trimble","BAL","CF","A","22.1666666",,18,"30 / 40","35 / 50","50 / 55","60 / 60","40+",94,0.30851064,0.225,0.025,0.12765957,0.26595745,59.43459733512533,"sa3017180"
"Zack Gelof","OAK","3B","AA","22.7972222",,5,"35 / 60","30 / 45","50 / 50","50 / 50","45+",161,0.42236025,0.56521739,0.23188406,0.1242236,0.23602484,155.70853629770065,"sa3017286"
"Max Muncy","OAK","SS","A+","19.9472222",,12,"20 / 45","20 / 55","45 / 55","50 / 50","40+",34,0.20588235,0.12903226,0,0.08823529,0.35294118,-0.7198426425228663,"sa3017290"
"Jordan McCants","MIA","SS","CPX","20.2083333",,27,"35 / 55","20 / 40","35 / 50","55 / 50","35+",85,0.28571429,0.23684211,0.0131579,0.07058824,0.25882353,49.13938154441813,"sa3017294"
"James Triantos","CHC","2B","A","19.5194444",99,6,"25 / 70","20 / 55","45 / 50","50 / 50","50",109,0.37614679,0.59405941,0.26732674,0.06422018,0.16513761,143.417289636208,"sa3017295"
"Matheu Nelson","CIN","C","A+","23.5611111",,21,"30 / 40","35 / 50","60 / 60","30 / 30","40+",35,0.34285714,0.32142857,0.14285714,0.17142857,0.48571429,93.50729330710331,"sa3017328"
"Ethan Wilson","PHI","LF","A+","22.7472222",,5,"30 / 50","30 / 50","60 / 60","55 / 55","45",117,0.28205128,0.37383178,0.15887851,0.08547009,0.21367521,77.58310643041246,"sa3017329"
"Carter Jensen","KCR","C","A","19.0916666",,27,"20 / 40","25 / 50","45 / 50","30 / 30","40",67,0.3880597,0.40350877,0.12280702,0.14925373,0.29850746,115.10917431554529,"sa3017339"
"Kyle Manzardo","TBR","1B","AA","22.05",,27,"35 / 70","30 / 40","45 / 45","40 / 40","40",50,0.44,0.60465116,0.25581395,0.08,0.12,173.22232805951404,"sa3017342"
"Joe Mack","MIA","C","A","19.6083333",,14,"20 / 45","20 / 50","50 / 60","45 / 40","40+",75,0.37333333,0.20754717,0.0754717,0.26666667,0.29333333,85.6406562055521,"sa3017374"
"Tyler Whitaker","HOU","RF","A","20.0111111",,39,"30 / 40","25 / 50","50 / 60","50 / 45","35+",114,0.26315789,0.32692308,0.125,0.07894737,0.35087719,57.5529112339977,"sa3017376"
"Luca Tresh","KCR","C","AA","22.5694444",,50,"30 / 40","30 / 45","50 / 50","40 / 40","35+",58,0.29310345,0.35849057,0.13207548,0.0862069,0.25862069,74.94579207901926,"sa3017394"
"Justice Thompson","CIN","CF","A+","22.0777777",,59,"30 / 40","30 / 35","40 / 45","55 / 55","35+",106,0.36190476,0.375,0.13636364,0.1509434,0.26415094,106.13688785660631,"sa3017395"
"Jose Torres","CIN","SS","A+","22.8555555",,30,"30 / 45","30 / 40","40 / 45","60 / 60","40",119,0.38655462,0.59047619,0.25714286,0.08403361,0.15966387,154.15823371778578,"sa3017396"
"Jay Allen II","CIN","CF","A","19.7055555",,16,"20 / 40","20 / 55","50 / 60","55 / 55","40+",75,0.44,0.55737705,0.2295082,0.10666667,0.16,159.0558502211367,"sa3017403"
"Denzel Clarke","OAK","CF","A+","22.2638888",,21,"30 / 40","30 / 55","60 / 70","55 / 50","40",22,0.40909091,0.57894737,0.2631579,0.13636364,0.27272727,143.83622711480487,"sa3017426"
"Jordan Viars","PHI","CF","CPX","19.05",,14,"25 / 50","20 / 50","45 / 55","45 / 40","40",64,0.40625,0.46808511,0.21276596,0.171875,0.1875,132.31397817863592,"sa3017429"
"Jackson Glenn","PIT","2B","A+","24.7833333",,64,"35 / 50","30 / 40","45 / 45","40 / 40","35+",130,0.45384615,0.49056604,0.1509434,0.17692308,0.16923077,161.27391189495467,"sa3017478"
"Carlos Colmenarez","TBR","SS","CPX","18.725",,7,"25 / 55","25 / 55","45 / 55","55 / 55","45+",114,0.31858407,0.28865979,0.04123711,0.07017544,0.26315789,78.58297400550015,"sa3017480"
"Christian Franklin","CHC","CF","A","22.6833333",,24,"30 / 40","35 / 45","50 / 50","50 / 50","40+",101,0.42574257,0.31578947,0.07894736,0.1980198,0.24752475,122.73717515217389,"sa3017510"
"Noah Miller","MIN","SS","A","19.7333333",,7,"25 / 60","20 / 45","40 / 45","40 / 40","45",96,0.31578947,0.36904762,0.13095238,0.09375,0.27083333,84.78582329452324,"sa3017512"
"Kahlil Watson","MIA","SS","A","19.3055555",,17,"20 / 40","25 / 60","50 / 60","60 / 60","40+",42,0.52380952,0.60606061,0.21212122,0.19047619,0.16666667,199.89862646289666,"sa3017513"
"Darren Baker","WSN","2B","AA","23.4861111",,38,"35 / 55","30 / 35","30 / 35","55 / 55","35",91,0.375,0.40740741,0.07407408,0.06593407,0.12087912,114.72007211465495,"sa3017554"
"Tyler Black","MIL","2B","A+","22.0277777",,9,"35 / 60","40 / 45","45 / 50","45 / 45","45",115,0.42608696,0.32183908,0.08045977,0.22608696,0.26956522,122.81096570118227,"sa3017623"
"Edwin Arroyo","CIN","SS","A","18.9472222",,12,"20 / 40","25 / 50","45 / 50","50 / 50","40+",86,0.3372093,0.32394366,0.11267605,0.11627907,0.30232558,84.01481092895062,"sa3017626"
"Harry Ford","SEA","C","A","19.4583333",,2,"25 / 50","25 / 55","55 / 60","60 / 60","45+",65,0.4,0.58181818,0.29090909,0.13846154,0.21538462,150.21619177389104,"sa3017627"
"Lonnie White Jr.","PIT","CF","CPX","19.6",,22,"20 / 40","20 / 50","45 / 55","70 / 70","40+",33,0.3030303,0.51612903,0.25806451,0.06060606,0.42424242,108.40541259982228,"sa3017628"
"Logan Cerny","HOU","CF","A","22.8555555",,13,"30 / 35","35 / 45","55 / 60","60 / 60","40",43,0.34883721,0.28571429,0.08571429,0.18604651,0.27906977,84.65514575322167,"sa3017661"
"Jordan Lawlar","ARI","SS","A+","20.0527777",45,3,"30 / 55","20 / 50","45 / 50","60 / 60","50",6,0.5,0.6,0.2,0.16666667,0.16666667,188.7731714286366,"sa3017662"
"Aaron Zavala","TEX","RF","AA","22.1166666",,14,"35 / 60","30 / 35","45 / 50","50 / 50","40+",93,0.41935484,0.4,0.10666667,0.13978495,0.21505376,131.566431371346,"sa3017665"
"Brady House","WSN","3B","A","19.1722222",88,6,"20 / 45","20 / 60","60 / 70","45 / 40","50",66,0.39393939,0.57627119,0.25423729,0.10606061,0.1969697,151.32858903058724,"sa3017694"
"T.J. White","WSN","CF","A","19.0361111",,18,"20 / 30","25 / 55","55 / 70","60 / 60","40",59,0.3559322,0.54716981,0.26415094,0.08474576,0.23728814,132.80236497949892,"sa3017697"
"Daylen Lile","WSN","LF","CPX","19.6833333",,20,"20 / 40","25 / 55","50 / 60","55 / 50","40",80,0.3625,0.25,0.03125,0.1875,0.25,83.50695726417166,"sa3017698"
"Jake Fox","CLE","SS","A","19.4833333",,47,"25 / 55","20 / 35","40 / 45","45 / 45","35+",49,0.46938776,0.42857143,0.02380953,0.12244898,0.18367347,146.658284895364,"sa3017734"
"Christian Encarnacion-Strand","CIN","3B","AA","22.6805555",,33,"30 / 40","45 / 55","70 / 70","40 / 40","40",92,0.42391304,0.59770115,0.20689655,0.05434783,0.2826087,174.98123100985882,"sa3017756"
"Ryan Spikes","TBR","2B","A","19.3972222",,41,"25 / 60","20 / 40","40 / 45","50 / 45","35+",47,0.36170213,0.4,0.15,0.12765957,0.27659574,108.6988428535392,"sa3017792"
"Cooper Kinney","TBR","3B","A","19.525",,16,"25 / 55","20 / 50","45 / 50","40 / 40","40+",47,0.46808511,0.37142857,0.08571428,0.21276596,0.19148936,143.76580853009978,"sa3017793"
"Carson Williams","TBR","SS","A","19.1138888",,11,"30 / 50","30 / 50","40 / 50","50 / 55","45",47,0.40425532,0.43589744,0.15384616,0.12765957,0.27659574,130.39110856704812,"sa3017795"
"Tristan Peters","SFG","RF","AA","22.4333333",,26,"35 / 60","30 / 40","40 / 45","50 / 50","40",55,0.34545455,0.39130435,0.15217392,0.14545455,0.25454545,95.92040097082179,"sa3017851"
"Hao Yu Lee","PHI","2B","A","19.5083333",,10,"25 / 55","25 / 50","45 / 55","40 / 30","40+",25,0.44,0.77272727,0.40909091,0.12,0.2,201.75822593175707,"sa3017863"
"Esteban Quiroz","CHC","2B","AAA","30.4694444",,53,"55 / 55","35 / 35","45 / 45","40 / 40","35+",280,0.41428571,0.56,0.28444444,0.16428571,0.21428571,159.05643505792563,"sa596560"
"Cody Thomas","OAK","RF","CPX","27.8277777",,31,"30 / 35","45 / 55","60 / 60","55 / 55","40",245,0.36326531,0.66513761,0.37614678,0.10204082,0.31836735,142.64898071228285,"sa738459"
"Brett Sullivan","SDP","C","AAA","28.4555555",,20,"55 / 55","30 / 30","35 / 35","30 / 30","35+",345,0.30232558,0.37540453,0.15210356,0.08985507,0.15652174,82.76585010307804,"sa857232"
"Ryan Noda","LAD","1B","AAA","26.35",,35,"45 / 45","50 / 50","55 / 55","30 / 30","40",475,0.38315789,0.52083333,0.27083333,0.15578947,0.26736842,139.1560172860664,"sa873960"
"Brendon Davis","DET","SS","AAA","25.0222222",,32,"30 / 30","45 / 45","60 / 60","40 / 40","35+",546,0.36146789,0.5610766,0.27122153,0.08608059,0.25091575,138.37020950671317,"sa875089"
"Moises Gomez","STL","RF","AAA","23.9416666",,27,"30 / 35","45 / 50","60 / 60","40 / 40","35+",301,0.25581395,0.30855019,0.13754647,0.089701,0.3820598,57.799161668456044,"sa875163"
"Donny Sands","PHI","C","AAA","26.2222222",,16,"45 / 45","45 / 45","55 / 55","20 / 20","40",380,0.32631579,0.46627566,0.20527859,0.08421053,0.15,111.99162639365643,"sa875201"
"Griffin Conine","MIA","RF","AA","25.0694444",,23,"20 / 20","50 / 60","80 / 80","45 / 40","40",461,0.329718,0.53045685,0.31218274,0.12581345,0.40130152,130.00871446382516,"sa876060"
"Ford Proctor","SFG","C","AAA","25.6722222",,14,"50 / 60","30 / 35","40 / 40","45 / 45","40+",381,0.38057743,0.41883117,0.17532468,0.16535433,0.26246719,127.20312441812118,"sa876187"
"Ronaldo Hernandez","BOS","C","AAA","24.7361111",,11,"30 / 35","40 / 45","60 / 60","30 / 30","45",387,0.3255814,0.50137741,0.21763085,0.03100775,0.19896641,122.07422398818109,"sa881850"
"Ricardo Genoves","SFG","C","AA","23.2277777",,25,"30 / 40","30 / 45","55 / 60","20 / 20","40",429,0.35897436,0.45333333,0.17866666,0.1048951,0.25174825,115.4966601222888,"sa916844"
"Oswaldo Cabrera","NYY","2B","AAA","23.4305555",,10,"40 / 45","45 / 50","50 / 50","40 / 40","45",514,0.33007813,0.53319058,0.26124197,0.07976654,0.24708171,129.6825665881692,"sa916954"
"Harvin Mendoza","CHW","1B","A+","23.4666666",,19,"35 / 55","30 / 45","55 / 55","30 / 30","40",448,0.36607143,0.38987342,0.09873418,0.09821429,0.13839286,108.541212318528,"sa916997"
"Eguy Rosario","SDP","3B","AAA","22.9472222",,10,"40 / 45","30 / 40","45 / 45","40 / 40","40",481,0.36041667,0.4547619,0.17380952,0.1018711,0.22661123,117.88300068466991,"sa917140"
"Enmanuel Valdez","BOS","2B","AAA","23.6055555",,26,"50 / 50","50 / 50","50 / 50","30 / 30","40",416,0.32608696,0.53424658,0.27945206,0.09134615,0.21394231,122.00359008188636,"sa917288"
"Miguel Amaya","CHC","C","AA","23.4083333",,12,"40 / 50","30 / 40","50 / 50","40 / 30","45",106,0.40566038,0.30379747,0.0886076,0.19811321,0.20754717,116.54804710604625,"sa917354"
"Lolo Sanchez","PIT","CF","CPX","23.2861111",,57,"50 / 55","20 / 45","30 / 45","60 / 60","35+",437,0.37241379,0.4532967,0.18956044,0.12585812,0.16475973,124.1049578817659,"sa917767"
"Samad Taylor","KCR","2B","AAA","24.0694444",,18,"30 / 40","35 / 40","30 / 30","60 / 60","40",374,0.38502674,0.503125,0.209375,0.11229947,0.29411765,141.13981170819943,"sa918192"
"Miles Mastrobuoni","TBR","SS","AAA","26.7666666",,36,"55 / 55","30 / 30","30 / 30","50 / 50","40",434,0.37788018,0.42408377,0.12827225,0.11751152,0.20967742,123.16864742697243,"sa918318"
"Logan Davidson","OAK","SS","AA","24.6388888",,36,"30 / 35","30 / 40","55 / 55","50 / 50","40",515,0.307393,0.3125,0.10044643,0.12038835,0.30097087,71.0422321187051,"sa918676"
"Chavez Young","TOR","CF","AAA","25.0777777",,39,"30 / 45","30 / 45","50 / 50","55 / 55","35+",324,0.3498452,0.40860215,0.14336918,0.10802469,0.25,109.30375484548475,"sa918963"
"Matt Fraizer","PIT","CF","AA","24.5666666",,7,"40 / 50","40 / 50","50 / 50","55 / 55","45+",499,0.3875502,0.55172414,0.24597701,0.11222445,0.21643287,149.02099142503357,"sa918983"
"Jhailyn Ortiz","PHI","RF","AA","23.7166666",,19,"30 / 40","35 / 60","70 / 70","40 / 30","40",391,0.34615385,0.48823529,0.23823529,0.0971867,0.28900256,122.9428396555391,"sa920180"