Name,Org,Pos,Current Level,Age,Top 100,Org Rk,FB,SL,CB,CH,CMD,FV,IP,K%,BB%,GB%,ERA,xFIP,playerId
"Justin Topa","MIL","SIRP","MLB","31.1583333",,28,"70 / 70","60 / 60","","","30 / 30","35+",230.2,0.18731118,0.06143001,0.48090523,4.682081513652826,3.6530810587243883,"15145"
"Brent Honeywell Jr.","OAK","SP","MLB","27.0944444",,29,"50 / 50","","","60 / 60","60 / 60","40",497.2,0.26132404,0.05823793,0.39269406,3.0562607937921027,3.1039761272480395,"16466"
"Daniel Duarte","CIN","SIRP","MLB","25.4166666",,26,"60 / 60","60 / 60","","","40 / 40","40",142.2,0.21416804,0.07413509,0.4676259,3.532709677702724,3.3872150890516277,"17480"
"Julian Fernandez","COL","SIRP","AAA","26.4138888",,37,"70 / 70","","","45 / 45","20 / 20","35+",196.1,0.21621622,0.12220917,0.47663551,3.713072884853574,4.321949146533082,"18341"
"Kirby Snead","OAK","SIRP","MLB","27.575",,37,"45 / 45","55 / 55","","45 / 50","45 / 45","35+",236.1,0.24850895,0.09542744,0.55844156,2.856135463443115,3.499241605395959,"19179"
"A.J. Puk","OAK","SIRP","MLB","27.025",,22,"50 / 55","60 / 60","50 / 55","55 / 60","40 / 40","40",231.2,0.32,0.089,0.43639576,4.42877633424074,3.3235827203408155,"19343"
"Daulton Jefferies","OAK","SP","MLB","26.7555555",,7,"45 / 45","50 / 50","","60 / 60","60 / 60","45",176.1,0.25784447,0.0313779,0.44047619,3.9300574617910313,3.773334006738281,"19345"
"Jason Foley","DET","SIRP","AAA","26.5083333",,20,"60 / 60","45 / 45","","","40 / 40","40",124.1,0.23809524,0.09157509,0.54093567,3.6916890457980593,3.543530142057509,"19531"
"Jimmy Lambert","CHW","SP","AAA","27.4611111",,9,"45 / 45","50 / 55","45 / 45","50 / 50","45 / 45","40",414.2,0.23445522,0.08043354,0.4550173,4.275723105549439,3.6388007598681633,"19541"
"Sixto Sanchez","MIA","SP","AAA","23.7638888",83,0,"60 / 60","50 / 50","","60 / 70","50 / 55","50",335.1,0.22072072,0.04804805,0.49513514,2.5765402669621715,3.0190218235996222,"19680"
"Connor Seabold","BOS","SP","AAA","26.2777777",,7,"40 / 40","50 / 50","45 / 45","55 / 60","55 / 60","45",284,0.25086505,0.06401384,0.40740741,3.327463964675623,3.6730584570648706,"19695"
"Reiver Sanmartin","CIN","SP","AAA","26.0527777",,32,"30 / 30","45 / 45","","50 / 50","60 / 60","35+",427.2,0.22451253,0.04846797,0.52184466,3.219798173265592,3.0622350773678333,"19754"
"Bryan Baker","BAL","SIRP","MLB","27.4222222",,36,"60 / 60","40 / 40","","45 / 50","30 / 30","35+",249,0.26566885,0.10757717,0.43485086,3.1807234032197473,4.190354086998222,"19804"
"Alexander Wells","BAL","SP","MLB","25.1861111",,32,"30 / 30","45 / 45","50 / 50","40 / 45","55 / 70","40",533.2,0.19626168,0.03925234,0.39546599,2.8500953144709196,3.6135564391747614,"19845"
"Alex Faedo","DET","SP","MLB","26.4777777",,16,"45 / 45","60 / 60","","40 / 45","55 / 60","40",252,0.25556631,0.06098742,0.30994152,3.8214335752518105,3.4680985491391385,"19874"
"Clarke Schmidt","NYY","SP","AAA","26.2055555",,6,"60 / 60","","70 / 70","40 / 45","45 / 45","45+",152,0.28525641,0.07371795,0.52105263,3.138158682310878,2.867251024581754,"19899"
"Adam Oller","OAK","SP","AAA","27.5472222",,18,"60 / 60","40 / 40","50 / 50","55 / 55","50 / 55","40",383.1,0.24460875,0.07332101,0.45525292,4.038261264730394,3.7117582517423293,"20132"
"Brendan McKay","TBR","SP","MLB","26.3777777",,42,"30 / 40","","50 / 50","50 / 55","55 / 70","35+",184.2,0.33661972,0.05915493,0.43520782,2.193139601214932,2.5703076178872566,"20186"
"Mike Baumann","BAL","SIRP","AAA","26.65",,23,"55 / 60","70 / 70","45 / 45","40 / 45","40 / 40","40",369.2,0.24347826,0.10301003,0.41640379,2.9215508764528177,3.750978902404049,"20206"
"Zach Logue","OAK","SP","AAA","26.0305555",,19,"40 / 40","45 / 45","","60 / 60","60 / 60","40",430.1,0.22596965,0.0623946,0.38802297,3.513557856285875,3.847404851943922,"20231"
"Deivi Garcia","NYY","SP","AAA","22.9583333",,11,"45 / 45","50 / 55","55 / 55","45 / 55","40 / 50","45",398.1,0.30553936,0.11895044,0.36899563,4.360669219423632,3.7808242118661024,"20276"
"Cory Abbott","CHC","SP","AAA","26.6222222",,26,"40 / 40","50 / 50","45 / 45","45 / 45","55 / 55","40",377.2,0.28490208,0.09412508,0.37302424,3.6460690474456765,3.632093870014805,"20277"
"Jhonathan Diaz","LAA","SP","AAA","25.6416666",,23,"40 / 40","55 / 60","50 / 50","50 / 50","50 / 50","35+",600,0.22709163,0.07450199,0.52351863,3.3600019439708513,3.58089890979304,"20298"
"Alec Bettinger","MIL","SP","AAA","26.8083333",,25,"45 / 45","","50 / 55","","50 / 55","35+",411,0.23201856,0.06844548,0.40374787,4.44525823878362,3.8126294669329317,"20312"
"Blake Cederlind","PIT","SIRP","MLB","26.3333333",,48,"60 / 60","50 / 50","","","30 / 35","35+",184.1,0.21575758,0.11272727,0.47151277,4.931285674847781,4.3078243666174565,"20344"
"Riley O'Brien","CIN","SIRP","AAA","27.2444444",,29,"55 / 55","","55 / 60","45 / 50","45 / 50","40",353.1,0.25968729,0.11012916,0.44971751,3.3622641811934435,3.978681521211454,"20348"
"Isaac Mattson","BAL","SIRP","AAA","26.8055555",,46,"55 / 55","40 / 40","45 / 50","40 / 40","45 / 45","35+",224,0.29234088,0.09061489,0.45672192,3.174107142857143,3.551548587972567,"20385"
"Jovani Moran","MIN","SIRP","MLB","25.0277777",,36,"45 / 45","45 / 45","","70 / 70","40 / 40","35+",232.2,0.37033084,0.12059765,0.44713656,2.6690539918029144,2.8739328099217247,"20422"
"Kyle Nelson","ARI","MIRP","MLB","25.8222222",,41,"40 / 45","50 / 60","","","40 / 40","35+",149.2,0.34197731,0.08589951,0.37730061,2.826281860228505,2.851136550037528,"20515"
"Kutter Crawford","BOS","SP","MLB","26.0916666",,21,"50 / 50","","55 / 55","","50 / 55","40",327.2,0.28301887,0.08272859,0.39084507,3.625640353329268,3.514824010176368,"20531"
"Edwin Uceta","ARI","SP","AAA","24.3194444",,28,"40 / 40","","50 / 50","45 / 50","45 / 55","40",370.2,0.26705277,0.07722008,0.38871795,3.7149279874619685,3.8527549655443925,"20539"
"Bowden Francis","TOR","SP","AAA","26.0333333",,10,"45 / 45","55 / 55","45 / 45","45 / 50","50 / 55","40",432.2,0.24156692,0.08269859,0.358159,4.285050535213432,4.076513852819345,"20548"
"Felix Bautista","BAL","SIRP","MLB","26.8722222",,35,"70 / 70","","","","30 / 35","35+",222.2,0.26735751,0.12953368,0.47148289,3.233533469631119,3.6654383490863927,"20666"
"Humberto Mejia","ARI","SP","AAA","25.1694444",,36,"50 / 50","45 / 45","55 / 55","40 / 45","40 / 45","40",389,0.2354798,0.06439394,0.36594544,3.239073787799326,3.7121070429254255,"20739"
"Cristopher Sanchez","PHI","MIRP","AAA","25.3944444",,28,"50 / 55","45 / 45","45 / 45","50 / 55","40 / 40","35+",344.1,0.20130293,0.10488599,0.5462963,4.5479187521996085,3.9462064382491864,"20778"
"Elvin Rodriguez","DET","SP","AAA","24.0944444",,19,"40 / 45","","50 / 50","50 / 55","40 / 50","40",511,0.22133082,0.07361963,0.36542516,3.6810173652099767,4.040417520493426,"20962"
"Eduard Bazardo","BOS","SIRP","AAA","26.675",,22,"50 / 50","","70 / 70","","30 / 35","40",332.1,0.27393225,0.06701031,0.3804878,2.789368130994471,2.9084154050430744,"20997"
"Oliver Ortega","LAA","SIRP","MLB","25.5888888",,33,"55 / 55","","50 / 50","","40 / 40","35+",308,0.2627183,0.10933941,0.43742099,4.061687431341269,3.784629404625899,"21025"
"Jhoan Duran","MIN","SP","MLB","24.3222222",,7,"60 / 60","","50 / 50","","40 / 45","45+",390.1,0.23331329,0.0865905,0.54384328,3.988897688752206,3.4936142232424032,"21029"
"Luis Gil","NYY","SIRP","AAA","23.9194444",,12,"60 / 70","55 / 60","","30 / 40","35 / 40","45",298.1,0.30491551,0.1390169,0.39296188,3.439106401771085,3.8331943129037054,"21052"
"Dauri Moreta","CIN","SIRP","MLB","26.0527777",,45,"60 / 60","45 / 50","","40 / 45","50 / 50","35+",252,0.3164919,0.08198284,0.37919463,3.17857181049398,3.2203085891282717,"21101"
"Miguel Yajure","PIT","SP","AAA","24.0083333",,14,"50 / 55","","50 / 50","50 / 55","50 / 60","45",339.1,0.21132898,0.06100218,0.48942918,2.599211539963282,3.337242460799229,"21111"
"Alexis Diaz","CIN","SIRP","MLB","25.6",,33,"55 / 55","50 / 55","","","40 / 45","35+",199,0.30216648,0.09692132,0.37881874,4.025125664308972,3.6317095586568486,"21132"
"Dany Jimenez","OAK","SIRP","MLB","26.3638888",,41,"55 / 55","50 / 55","","","30 / 30","35+",241.2,0.32770606,0.09533267,0.42495479,3.202758932447974,2.732600973115822,"21170"
"Joe Ryan","MIN","MIRP","MLB","25.9138888",,6,"70 / 70","50 / 50","40 / 40","45 / 50","50 / 60","45+",226,0.37172178,0.0604333,0.3611691,2.668141547884282,2.471536238679064,"21390"
"Ryan Feltner","COL","MIRP","AAA","25.6722222",,17,"50 / 50","50 / 50","50 / 50","40 / 45","45 / 45","40",287.2,0.25864909,0.08319605,0.45666235,3.6292002278816233,3.953725372217737,"21446"
"Konnor Pilkington","CLE","SP","AAA","24.6444444",,39,"30 / 30","40 / 40","40 / 40","50 / 50","55 / 55","35+",249.1,0.26582278,0.09542356,0.39089482,3.970588042924308,3.7909131853236406,"21453"
"Cole Sands","MIN","MIRP","AAA","24.7972222",,14,"55 / 55","","70 / 70","45 / 50","40 / 45","40+",190.1,0.28015564,0.07522698,0.39203354,2.9316992931067425,3.6181102118371276,"21461"
"Elvis Peguero","LAA","SIRP","MLB","25.1222222",,34,"60 / 60","55 / 60","","","35 / 50","35+",224,0.201,0.092,0.50306748,4.660714444457273,4.097275898861241,"21652"
"Kervin Castro","SFG","SIRP","AAA","23.2416666",,26,"60 / 60","","50 / 55","","30 / 40","40",140.2,0.26989619,0.09515571,0.48265896,2.943127217156631,3.9056691816223457,"21656"
"Edward Cabrera","MIA","SP","AAA","24.0583333",109,0,"60 / 60","50 / 60","","45 / 55","45 / 50","50",349,0.25152957,0.08361659,0.45136612,3.5071660647064213,3.487271466430775,"21690"
"Jose Marte","LAA","SIRP","AAA","25.8888888",,32,"70 / 70","55 / 60","","","30 / 30","35+",312.2,0.23635057,0.11997126,0.48481308,4.749461890348686,4.137777194911264,"21761"
"Gregory Santos","SFG","SIRP","AAA","22.6833333",,7,"60 / 60","70 / 70","","45 / 45","40 / 45","45",202,0.18273543,0.09529148,0.61677632,3.430691935527747,3.849500719334447,"21894"
"Brailyn Marquez","CHC","SIRP","AA","23.2611111",,20,"70 / 70","45 / 45","","50 / 55","30 / 35","40+",257,0.26258005,0.09240622,0.51785714,3.1867704989682766,3.365233308229823,"21896"
"Luis Frias","ARI","SIRP","MLB","23.9472222",,12,"55 / 55","45 / 45","45 / 45","","30 / 40","45",307.2,0.27097768,0.10238645,0.43676662,3.7735629041169996,3.8106250548949,"21997"
"Max Kranick","PIT","SP","AAA","24.7861111",,44,"50 / 55","45 / 50","","40 / 45","45 / 45","40",323.2,0.1966967,0.05855856,0.40252898,3.5036077385090283,3.9843202613126123,"22175"
"Hunter Greene","CIN","SP","MLB","22.7444444",32,1,"80 / 80","55 / 60","","40 / 45","50 / 60","55",179,0.31075697,0.08366534,0.42758621,3.9720680125738848,3.4066994598363256,"22182"
"Hans Crouse","PHI","MIRP","AAA","23.6361111",,8,"55 / 55","50 / 60","","45 / 50","40 / 45","45",254.2,0.26416907,0.07973103,0.34509202,3.498690191079734,4.053175828914704,"22192"
"Shane Baz","TBR","SP","MLB","22.8805555",11,1,"60 / 60","60 / 60","50 / 50","55 / 55","45 / 50","60",236,0.28109201,0.09403438,0.45391304,3.0889834253242574,3.5759272815073992,"22264"
"Angel De Jesus","DET","SIRP","AAA","25.225",,29,"70 / 70","55 / 60","","","30 / 30","35+",267.1,0.27748227,0.10283688,0.43396226,2.9625946505771044,3.529923366228094,"22323"
"Stephen Ridings","NYY","SIRP","MLB","26.7222222",,21,"70 / 70","55 / 55","","","45 / 45","40+",142,0.32733224,0.11129296,0.40372671,4.246478873239437,3.8063123207232423,"22358"
"Roansy Contreras","PIT","SP","AAA","22.4916666",42,3,"60 / 60","55 / 55","60 / 60","30 / 40","50 / 50","50",313.2,0.23160341,0.07126259,0.4185766,3.0988334655464205,3.636020584447769,"22810"
"Janson Junk","LAA","SP","AAA","26.3027777",,7,"50 / 50","50 / 55","50 / 50","","55 / 60","40+",290,0.21132376,0.08452951,0.43610785,3.8793101183866483,4.026624014522216,"23301"
"Damon Jones","PHI","SIRP","AAA","27.5944444",,29,"55 / 55","60 / 60","","","30 / 35","35+",298,0.29127726,0.12928349,0.54765292,3.5939641941573233,3.6143013134613007,"23310"
"JP Sears","NYY","SP","AAA","26.2083333",,25,"45 / 50","50 / 50","","45 / 50","55 / 60","40",239,0.30124224,0.07039337,0.4288225,3.050208328697972,3.2256690708854547,"23429"
"Tommy Romero","TBR","MIRP","AAA","24.8222222",,32,"55 / 55","45 / 45","45 / 45","45 / 50","50 / 55","40",417.2,0.26630435,0.08454106,0.37773549,2.521151456207845,3.604746762917339,"23465"
"Ron Marinaccio","NYY","MIRP","AAA","26.8416666",,20,"55 / 60","50 / 50","","60 / 60","40 / 40","40+",150.1,0.35209003,0.09163987,0.36532508,3.113081829260049,3.185769067303936,"23488"
"Aaron Ashby","MIL","MIRP","MLB","23.9444444",47,1,"60 / 60","60 / 60","45 / 45","55 / 60","40 / 40","50",247,0.28721374,0.10400763,0.53536977,3.7530375095505493,3.1756010253501348,"23550"
"Jonathan Stiever","CHW","SP","MLB","24.9777777",,23,"45 / 45","45 / 50","45 / 45","40 / 45","50 / 50","35+",247,0.26864245,0.06118547,0.39285714,4.2631578947368425,3.5864625123770617,"24584"
"Kyle Bradish","BAL","SP","MLB","25.6444444",,7,"60 / 60","50 / 50","55 / 55","45 / 50","40 / 45","45+",216.1,0.28786251,0.10741139,0.44181818,3.7858244675342965,3.7750569776775365,"24586"
"Josh Winder","MIN","SP","MLB","25.5638888",91,4,"50 / 55","50 / 50","45 / 50","45 / 50","50 / 60","50",236.1,0.25917927,0.05291577,0.36261981,2.818049222318272,3.531125872996692,"24606"
"Ethan Roberts","CHC","SIRP","MLB","24.8333333",,30,"55 / 55","","60 / 60","","40 / 50","40",128,0.26275992,0.06238185,0.46176471,3.09375,3.2698414921644146,"24930"
"Austin Warren","LAA","SIRP","MLB","25.9972222",,20,"55 / 55","55 / 55","","40 / 40","35 / 40","40",121.1,0.29850746,0.10634328,0.49837134,4.228021158298121,3.551796810061773,"24937"
"Matt Brash","SEA","SP","MLB","23.9777777",61,0,"60 / 65","60 / 70","55 / 60","40 / 45","40 / 45","50",102.2,0.35294118,0.11294118,0.47465438,2.279220962709405,3.5112047744639647,"25756"
"Beau Brieske","DET","SP","MLB","24.0805555",,10,"50 / 50","50 / 55","45 / 45","45 / 55","45 / 50","40+",137,0.28623853,0.06605505,0.38529412,3.2189787744213247,3.958291791344756,"26079"
"Nick Lodolo","CIN","SP","MLB","24.2472222",52,2,"45 / 50","70 / 70","","45 / 55","55 / 60","50",69,0.39272727,0.04,0.50340136,2.347827125362286,2.1300225952746703,"26378"
"Reid Detmers","LAA","SP","MLB","22.8222222",43,1,"50 / 55","40 / 45","65 / 70","45 / 55","45 / 60","50",62,0.42023346,0.07392996,0.35483871,3.193548387096774,2.5604450574324975,"27468"
"Ken Waldichuk","NYY","MIRP","AA","24.3222222",,15,"60 / 65","50 / 50","45 / 45","60 / 70","45 / 50","45",158,0.375,0.1,0.38244514,2.9620259243257827,3.3558632568008395,"sa1115814"
"John Doxakis","TBR","SP","A+","23.7055555",,31,"30 / 30","50 / 55","","50 / 55","55 / 70","40",158.1,0.26971609,0.05835962,0.4764268,3.467367697050716,3.6402576303712184,"sa1115967"
"Ricky DeVito","PIT","SIRP","A+","23.7027777",,22,"50 / 50","55 / 60","45 / 45","","30 / 40","40+",69.1,0.22977346,0.10355987,0.62765957,3.2451910280886596,4.088654858319862,"sa1116003"
"Mitch Spence","NYY","MIRP","AA","23.9944444",,31,"40 / 45","60 / 60","45 / 50","30 / 40","30 / 45","35+",150,0.2599681,0.07814992,0.53768844,3.96,3.927475443383058,"sa1169885"
"Edgar Barclay","NYY","SIRP","A+","23.9416666",,38,"40 / 40","45 / 50","","55 / 60","35 / 55","35+",120.2,0.33536585,0.07113821,0.41481481,2.908840392063287,3.316024356289657,"sa1170012"
"Jayden Murray","TBR","SP","AA","25.0638888",,23,"50 / 50","60 / 60","","40 / 45","50 / 60","40+",158,0.26264274,0.05220228,0.44887781,2.2784814252397245,3.971574778020432,"sa1170405"
"Trey McGough","PIT","SP","AAA","24.0972222",,59,"50 / 50","50 / 55","45 / 45","45 / 50","45 / 50","35+",150.2,0.22312704,0.05700326,0.46501129,3.2256651596495827,3.9995605734478996,"sa1170436"
"Luis Ortiz","PIT","SIRP","AA","23.2694444",,23,"55 / 70","60 / 60","","30 / 40","30 / 50","40+",156.1,0.25256975,0.09104258,0.46778043,3.742003701321303,3.9709002438774488,"sa1172057"
"Tyler Burch","BAL","SIRP","AA","24.6722222",,40,"55 / 55","60 / 60","","","30 / 40","35+",86,0.3048433,0.06837607,0.42990654,3.4534872231969533,3.3951537049069245,"sa1172727"
"Neraldo Catalina","TBR","SIRP","A","21.8694444",,57,"65 / 70","45 / 55","","","30 / 35","35+",58.2,0.22916667,0.16319444,0.62,5.215908808279644,5.297430001855255,"sa1172730"
"Keider Montero","DET","SIRP","A+","21.8277777",,34,"50 / 55","","45 / 55","40 / 45","35 / 45","35+",208,0.21160043,0.08807734,0.45072698,3.6346153846153846,3.8447899141327695,"sa3002956"
"Helcris Olivarez","COL","SIRP","AAA","21.7388888",,19,"60 / 70","","45 / 50","40 / 50","30 / 40","40",248,0.26734505,0.13135985,0.48160535,4.354837771881337,4.374498054511371,"sa3002965"
"Ignacio Feliz","BAL","SP","A+","22.5305555",,45,"40 / 45","","50 / 55","40 / 50","40 / 50","35+",234.2,0.2446184,0.12426614,0.48829431,4.026989727396783,4.2479850979302824,"sa3002982"
"Santiago Florez","PIT","SIRP","A+","21.9861111",,51,"50 / 60","","50 / 60","","30 / 45","35+",247,0.2014652,0.11263736,0.4590846,4.481781861038409,4.657213268854054,"sa3003026"
"Jose Lopez","TBR","MIRP","AA","23.2194444",,40,"55 / 60","55 / 60","","40 / 45","35 / 40","35+",217.1,0.24318658,0.11740042,0.46570397,3.4785276887701233,4.260328213060088,"sa3003055"
"Tahnaj Thomas","PIT","SIRP","AA","22.8833333",,52,"60 / 65","45 / 50","","30 / 40","35 / 60","35+",175.2,0.24484536,0.12371134,0.41125541,4.457305325392813,4.839410836528444,"sa3003066"
"Robinson Pina","LAA","SIRP","A+","23.4388888",,35,"50 / 60","","50 / 55","40 / 45","20 / 30","35+",315.1,0.30723781,0.1225997,0.47960619,3.7959834923192264,3.666555964769661,"sa3003123"
"Steven Cruz","MIN","SIRP","AA","22.8861111",,37,"70 / 70","45 / 50","","","30 / 35","35+",144.2,0.29754601,0.15797546,0.49068323,3.981567789241757,4.233562526273991,"sa3003140"
"Calvin Faucher","TBR","SIRP","AAA","26.6166666",,34,"50 / 50","","70 / 70","","35 / 40","40",198.1,0.25602755,0.11021814,0.47583643,4.220168175453203,3.7443019476391877,"sa3004013"
"Graham Spraker","TOR","SIRP","AAA","27.125",,31,"60 / 60","","","","40 / 40","35+",299.1,0.2174616,0.07922393,0.40368098,2.8262777901903995,3.9872313192698288,"sa3004024"
"Zack Kelly","BOS","SIRP","AAA","27.1694444",,35,"60 / 60","","","55 / 60","30 / 35","35+",205,0.26352129,0.08745685,0.51498127,3.117073518751956,3.5529999556644447,"sa3004118"
"Dylan File","MIL","SP","AAA","25.9166666",,19,"40 / 40","50 / 55","50 / 50","55 / 55","55 / 60","40",403,0.204947,0.05241461,0.40829876,3.9305243635578604,3.8970116405683894,"sa3004197"
"Hunter Stratton","PIT","SIRP","AAA","25.4638888",,58,"55 / 55","50 / 50","","","30 / 35","35+",275.2,0.22545757,0.13311148,0.40689655,4.04836270116219,4.605213543810093,"sa3004216"
"Sam Delaplane","SFG","SIRP","AAA","27.1027777",,25,"60 / 60","70 / 70","","","40 / 45","40",161.1,0.40909091,0.08181818,0.46666667,2.2871891542683636,2.095081063291616,"sa3004222"
"Hagen Danner","TOR","SIRP","AA","23.5944444",,14,"60 / 60","50 / 55","","","35 / 40","40",39.1,0.2654321,0.09259259,0.38947368,2.288135098541277,4.694917803736914,"sa3004501"
"Francisco Morales","PHI","SIRP","AA","22.5194444",,13,"55 / 60","60 / 70","","35 / 45","30 / 45","40+",300.1,0.28475336,0.12855007,0.41168478,4.584906087436883,3.9819670304698236,"sa3004581"
"Drew Strotman","MIN","SP","AAA","25.6694444",,20,"50 / 50","","50 / 55","30 / 40","40 / 45","40",244,0.21133525,0.10854947,0.48823529,4.278688056338945,4.160183008292771,"sa3004584"
"Jared Solomon","CIN","SIRP","AAA","24.9",,25,"60 / 60","","","55 / 55","40 / 45","40",236.2,0.22264875,0.1074856,0.42097264,3.65070423148166,4.358975055432077,"sa3004589"
"Seth Corry","SFG","MIRP","A+","23.5027777",,15,"50 / 55","","70 / 70","50 / 50","20 / 30","40+",274.2,0.29294606,0.14771784,0.45941558,3.538830834210849,4.356740342442903,"sa3004648"
"Yoendrys Gomez","NYY","SP","A","22.5527777",,7,"55 / 60","","50 / 55","40 / 50","40 / 55","45+",162.2,0.23741007,0.09784173,0.42417062,3.651637046401366,4.055344068498068,"sa3004650"
"Cody Bolton","PIT","SIRP","AAA","23.875",,28,"50 / 50","55 / 55","","50 / 50","50 / 50","40",183.1,0.24696356,0.07017544,0.4192229,3.3872720459616272,3.1423539864409973,"sa3004975"
"Michael Mercado","TBR","SP","AA","23.0527777",,28,"60 / 60","50 / 55","50 / 50","40 / 45","45 / 50","40",157,0.22026432,0.06901615,0.39186296,5.044587396822281,4.289484226055763,"sa3005024"
"Prelander Berroa","SFG","SIRP","A+","22.0444444",,42,"55 / 60","45 / 50","","30 / 40","30 / 40","35+",219,0.27465536,0.11983033,0.40740741,3.98630102702169,4.400729976857782,"sa3005069"
"Blayne Enlow","MIN","MIRP","AA","23.1194444",,28,"50 / 50","","50 / 55","","40 / 45","40",239.2,0.20392157,0.08137255,0.48830409,3.2670388868328955,3.9181279607897124,"sa3005117"
"Matt Sauer","NYY","SP","A+","23.2861111",,24,"50 / 60","50 / 55","","40 / 50","40 / 45","40",219.2,0.23076923,0.09043659,0.43844857,4.34294322583408,4.389366069563727,"sa3005118"
"Max Lazar","MIL","MIRP","A+","22.9194444",,16,"40 / 50","","40 / 45","55 / 60","35 / 55","40+",181,0.26133333,0.048,0.42222222,3.3812148995221554,3.4611141397959635,"sa3005163"
"Francis Peguero","MIN","SIRP","A+","24.7305555",,39,"55 / 55","55 / 55","","","40 / 45","35+",103,0.26185102,0.04740406,0.39721254,4.718446514565801,3.5520882097224558,"sa3005209"
"Cam Robinson","MIL","SIRP","A+","22.6611111",,33,"55 / 55","","50 / 50","","30 / 35","35+",142.2,0.24269006,0.14327485,0.55334988,5.803739429905239,4.496648322038293,"sa3005216"
"Joey Cantillo","CLE","SP","AA","22.3777777",,40,"40 / 40","","40 / 45","55 / 60","40 / 55","35+",196.2,0.33040201,0.09798995,0.46241458,2.6542372162730437,3.0459946008208814,"sa3005246"
"D.L. Hall","BAL","SP","A+","23.625",28,3,"70 / 70","","55 / 60","55 / 60","30 / 40","55",221,0.31283711,0.13160734,0.42976939,2.932127101725873,3.5130638521349473,"sa3005282"
"Brayan Bello","BOS","SIRP","AA","22.9638888",,8,"55 / 60","55 / 60","","55 / 60","30 / 40","45",301,0.28243671,0.06882911,0.48399488,3.8870391991425177,3.0353273010186133,"sa3005436"
"Jhosmer Alvarez","ARI","SIRP","A","20.8472222",,37,"55 / 60","","40 / 40","","30 / 35","35+",76,0.2555205,0.07886435,0.53645833,2.8421063330699265,3.2683850632240206,"sa3005437"
"Jorge Juan","OAK","SP","AA","23.1611111",,13,"60 / 65","55 / 60","","40 / 45","30 / 50","40+",103,0.26215645,0.14799154,0.47368421,4.805826577629139,4.75328080487418,"sa3005826"
"Ronny Henriquez","MIN","SP","AAA","21.8722222",,9,"55 / 55","50 / 55","","55 / 55","45 / 55","45",242.2,0.29025845,0.06560636,0.41033926,3.894230932475957,3.258886428405614,"sa3005835"
"Justin Martinez","ARI","MIRP","A","20.7611111",,45,"55 / 65","45 / 50","","40 / 50","30 / 40","35+",123,0.22184874,0.1512605,0.52743902,5.268292601231946,4.816474633897998,"sa3005864"
"Nicoly Pina","PHI","SIRP","A","22.5722222",,40,"55 / 60","45 / 55","","","30 / 40","35+",71.2,0.26910299,0.1627907,0.42944785,3.893021425379061,3.935488664786542,"sa3005875"
"Kelvin Caceres","LAA","SIRP","A","22.2722222",,28,"70 / 70","","40 / 60","","20 / 30","35+",141,0.2269289,0.16036309,0.43181818,5.297873415414002,5.256459704183245,"sa3005876"
"Ivan Armstrong","LAA","MIRP","AA","21.7694444",,38,"55 / 60","50 / 55","","","35 / 40","35+",156.1,0.21190131,0.11901306,0.49885057,4.375266666868382,4.588634355500659,"sa3006358"
"Randy Rodriguez","SFG","SIRP","A+","22.6638888",,24,"60 / 60","60 / 60","","40 / 45","40 / 40","40",124,0.32897196,0.10280374,0.42857143,3.1209685100354867,3.738349730699928,"sa3006366"
"Victor Munoz","TBR","SP","A","21.3583333",,44,"45 / 50","","45 / 50","45 / 50","35 / 50","35+",129,0.22323049,0.08348457,0.45142857,2.930230998426394,3.9168988047193567,"sa3006381"
"Jose Salvador","LAA","SIRP","A","22.6194444",,16,"45 / 55","","50 / 50","30 / 35","35 / 40","40",225.1,0.29175258,0.10206186,0.38732394,4.353550873188976,4.0578886009258825,"sa3006482"
"Eddy Yean","PIT","SP","A+","20.8583333",,53,"50 / 60","50 / 55","","45 / 50","25 / 50","35+",167.2,0.2115903,0.11455526,0.50641026,4.992048016590886,4.301421324454411,"sa3006543"
"Brayan Castillo","COL","SP","A","21.6472222",,23,"50 / 55","45 / 50","","40 / 50","35 / 50","40",139.1,0.21803279,0.10983607,0.45897436,4.392346401638543,4.204573654618364,"sa3006544"
"Cole Uvila","BAL","SIRP","AAA","28.2611111",,44,"55 / 55","","50 / 50","55 / 55","30 / 40","35+",160.1,0.32035928,0.12724551,0.38395415,2.9750507599391334,4.034723007995144,"sa3006804"
"Connor Higgins","LAA","SIRP","AA","25.7861111",,37,"60 / 60","45 / 50","","","30 / 35","35+",124.1,0.26056338,0.15316901,0.55844156,4.053618096820008,4.378248341429105,"sa3006808"
"Chris Muller","TBR","SIRP","AAA","26.0333333",,52,"55 / 55","50 / 50","","","30 / 35","35+",113.2,0.31469979,0.11180124,0.39922481,3.483870811848534,3.3477877928307422,"sa3006811"
"Michael Plassmeyer","SFG","SP","AAA","25.4972222",,33,"30 / 30","","45 / 45","50 / 55","55 / 60","35+",294,0.2541806,0.05100334,0.39344262,3.275506910313904,3.510001899104254,"sa3006962"
"Omar Cruz","PIT","SP","AA","23.2722222",,50,"30 / 35","","45 / 45","55 / 60","50 / 60","35+",214.2,0.28429204,0.09402655,0.37121212,2.9347831649843137,4.115199372566301,"sa3006971"
"Clayton Andrews","MIL","SIRP","AAA","25.3333333",,34,"30 / 30","45 / 45","","55 / 60","40 / 50","35+",101.2,0.34134615,0.09134615,0.38990826,3.009837157268556,2.7827018986102643,"sa3007226"
"Kai-Wei Teng","SFG","MIRP","AA","23.425",,29,"45 / 50","45 / 50","50 / 50","45 / 50","45 / 60","40",242,0.30009775,0.09970674,0.50877193,3.309916624923064,3.6521881571965618,"sa3007229"
"Joey Murray","TOR","MIRP","AA","25.6138888",,18,"50 / 50","50 / 55","50 / 50","40 / 45","40 / 45","40",184.1,0.30366492,0.09685864,0.36551724,3.2712458634786925,3.1966979349103988,"sa3007234"
"Andrew Politi","BOS","SIRP","AA","25.9166666",,46,"55 / 55","50 / 55","","45 / 50","30 / 40","35+",191.1,0.2907117,0.10494572,0.40083507,4.609755163175919,3.53625864789748,"sa3007243"
"Carlos Vargas","CLE","SIRP","A-","22.5583333",,37,"60 / 65","55 / 60","","35 / 45","30 / 40","35+",112,0.23382046,0.10020877,0.47019868,4.3392855664905285,3.630727433797068,"sa3007467"
"Kevin Smith","BAL","SP","AAA","24.975",,43,"40 / 40","55 / 55","","45 / 50","45 / 50","35+",237.2,0.27145709,0.11277445,0.43791946,3.294529687177721,3.808022461180263,"sa3007710"
"James McArthur","PHI","SIRP","AA","25.3972222",,17,"50 / 55","","50 / 55","40 / 40","40 / 45","40",211.2,0.25802879,0.10188261,0.45985401,4.25196866996823,3.9542380557312287,"sa3007715"
"Lyon Richardson","CIN","SP","A+","22.2944444",,19,"45 / 50","45 / 50","50 / 50","45 / 55","45 / 55","40+",217.2,0.22505092,0.0885947,0.42492013,4.879012440532437,4.173518583772347,"sa3007727"
"Frank German","BOS","SIRP","AA","24.6166666",,32,"60 / 60","40 / 50","","45 / 50","35 / 40","40",203.2,0.24599542,0.08466819,0.43510055,4.065467222602397,3.766997870112106,"sa3007729"
"Aiden McIntyre","OAK","SIRP","AA","26.6861111",,43,"55 / 65","40 / 45","","45 / 55","30 / 40","35+",197,0.30126002,0.12256586,0.42462845,3.6091315697059394,3.7189827638961197,"sa3007733"
"William Holmes","LAA","SP","CPX","21.3694444",,40,"45 / 50","45 / 55","","45 / 55","30 / 50","35+",24.1,0.34234234,0.1981982,0.36170213,5.547952888214505,4.988655422629957,"sa3007744"
"Ryan Weiss","ARI","MIRP","AA","25.4",,39,"50 / 55","55 / 55","40 / 40","40 / 40","50 / 50","35+",244.2,0.21380633,0.06615532,0.4479889,4.377383559189364,4.0323297295291605,"sa3007778"
"Jackson Rees","TOR","SIRP","AAA","27.7611111",,32,"50 / 50","","70 / 70","","30 / 30","35+",85.2,0.3265896,0.07514451,0.55721393,1.89105113977886,2.3553134367077897,"sa3007818"
"Keegan Curtis","ARI","SIRP","AA","26.5944444",,42,"50 / 50","55 / 55","45 / 45","","40 / 40","35+",84.1,0.26373626,0.09065934,0.41891892,4.162054998661001,4.11560954028583,"sa3007833"
"Taj Bradley","TBR","SP","AA","21.1222222",,9,"60 / 65","40 / 45","","30 / 45","30 / 45","45+",200.1,0.28255528,0.08108108,0.42355372,2.6955075559570405,4.053378134914712,"sa3007839"
"Drew Rom","BAL","SP","AA","22.3861111",,15,"40 / 50","50 / 55","","","45 / 55","40+",254,0.28095238,0.06857143,0.49541284,2.9763781315587643,3.3075426903433285,"sa3007848"
"Dominic Pipkin","PHI","SIRP","A+","22.4972222",,35,"50 / 60","40 / 45","40 / 45","45 / 55","35 / 50","35+",166.1,0.18046133,0.11804613,0.45585216,4.92384564394301,5.14197421350407,"sa3007896"
"Randy Vasquez","NYY","MIRP","AA","23.5027777",,22,"50 / 50","","70 / 70","40 / 45","40 / 45","40",202.2,0.26221692,0.10131108,0.52079208,2.6200645894457475,3.927496143220376,"sa3007933"
"Durbin Feltman","BOS","SIRP","AAA","25.0444444",,45,"55 / 55","55 / 55","45 / 50","","35 / 40","35+",135.1,0.29432624,0.09219858,0.41791045,3.790642406400633,3.48359700044612,"sa3007959"
"Sean Hjelle","SFG","SP","AAA","24.9916666",,28,"45 / 45","45 / 45","","45 / 50","45 / 55","40",306.2,0.20977444,0.07067669,0.5701559,3.9032610233181653,3.951186033999424,"sa3007989"
"Julio Rodriguez","SFG","SIRP","A","22.2333333",,37,"55 / 60","","60 / 60","","30 / 40","35+",34.2,0.25,0.1474359,0.59770115,4.153845772940767,4.524987429848641,"sa3007992"
"Paul Richan","DET","SP","A","25.1055555",,22,"30 / 30","40 / 40","45 / 45","45 / 50","55 / 60","40",185.1,0.23280423,0.0462963,0.38140417,3.593523873138666,3.334430228156464,"sa3008025"
"Chris Vallimont","MIN","MIRP","AA","25.1277777",,27,"50 / 55","50 / 55","45 / 50","40 / 45","30 / 40","40",265,0.28222997,0.12195122,0.31515152,4.890567375338287,4.104720958867281,"sa3008026"
"Antonio Jimenez","TBR","SP","A","20.9944444",,36,"45 / 55","55 / 60","","40 / 50","30 / 50","40",144,0.28689884,0.11442786,0.53459119,3.062499310407529,3.7749330650317168,"sa3008074"
"Thaddeus Ward","BOS","MIRP","AA","25.3",,18,"45 / 50","50 / 55","45 / 45","40 / 45","40 / 45","40+",165.1,0.27936963,0.10601719,0.48877805,2.6129037884843433,3.445786228434621,"sa3008098"
"Grayson Rodriguez","BAL","SP","AAA","22.4666666",3,2,"70 / 70","70 / 70","60 / 60","70 / 80","40 / 50","65",238,0.3641189,0.07961783,0.41082164,2.571429045403649,2.801142266483241,"sa3008130"
"Matthew Liberatore","STL","SP","AAA","22.4944444",67,0,"45 / 45","55 / 55","60 / 60","40 / 45","50 / 60","50",264,0.24839006,0.07635695,0.45428571,3.3409092840084473,3.7968088291528805,"sa3008163"
"Abner Uribe","MIL","SIRP","AA","21.8722222",,13,"70 / 70","60 / 70","","","20 / 35","40+",65,0.29166667,0.17361111,0.45454545,4.569230651911902,4.655178187128182,"sa3008177"
"Ryan Rolison","COL","SP","AAA","24.8138888",,16,"40 / 40","40 / 45","60 / 60","40 / 45","45 / 50","40",231.2,0.24872057,0.0716479,0.44811321,4.3510846654005535,4.119343913285048,"sa3008244"
"Blake Rivera","SFG","SIRP","AA","24.3194444",,30,"55 / 55","","60 / 60","","40 / 40","40",129.2,0.24827586,0.11034483,0.57223796,4.71979457589444,3.853284420985444,"sa3008261"
"Davis Martin","CHW","SP","AA","25.3333333",,22,"55 / 55","40 / 45","50 / 50","30 / 30","40 / 45","35+",277.2,0.25558313,0.07030604,0.42064516,4.76470026375578,3.7697006299989013,"sa3008311"
"Lenny Torres","CLE","SP","A+","21.5527777",,26,"45 / 45","50 / 50","","45 / 55","40 / 50","40",92.1,0.2453271,0.13785047,0.44583333,5.263540588144815,5.049116372939664,"sa3008329"
"Rafael Marcano","PHI","SIRP","A","22.0388888",,34,"50 / 55","","55 / 55","30 / 35","30 / 50","35+",100.1,0.25396825,0.09750567,0.4904943,3.67774314765568,3.6152177495235818,"sa3008330"
"Kohl Franklin","CHC","SP","A+","22.6527777",,33,"45 / 50","","50 / 55","55 / 60","35 / 50","40",59,0.27586207,0.1302682,0.39726027,3.6610169491525424,4.20314059813815,"sa3008335"
"Eduar Segovia","PHI","SIRP","A","21.3166666",,24,"45 / 50","50 / 55","","30 / 45","30 / 40","40",95,0.30845771,0.12686567,0.36363636,3.789473684210526,4.007058129323238,"sa3008374"
"Logan Gillaspie","BAL","MIRP","AAA","25.0472222",,37,"60 / 60","45 / 50","45 / 45","40 / 45","40 / 40","35+",179.1,0.23076923,0.066313,0.46168959,4.165427812950706,3.7968022980922314,"sa3008386"
"Simeon Woods Richardson","MIN","SP","AA","21.6027777",,10,"40 / 45","40 / 45","50 / 50","55 / 60","50 / 60","45",199,0.30121951,0.08414634,0.41889117,3.753770823046385,3.145856023048971,"sa3008423"
"Levi Kelly","ARI","MIRP","AA","22.9722222",,44,"45 / 50","60 / 70","50 / 50","","20 / 35","35+",132.2,0.28904847,0.13105925,0.43092105,3.05277156105497,3.869330841127239,"sa3008500"
"Reese Olson","DET","SP","AA","22.7611111",,6,"55 / 55","60 / 60","50 / 55","60 / 60","30 / 40","45",232,0.23470411,0.10631896,0.46467818,4.306034447357289,4.269762624814427,"sa3008513"
"Mike Burrows","PIT","SIRP","AA","22.4888888",,12,"55 / 55","","70 / 70","40 / 45","40 / 40","45",129.1,0.28,0.0952381,0.38688525,2.5747415719042785,4.0287879879702055,"sa3008517"
"Tristan Beck","SFG","SP","AAA","25.8611111",,20,"50 / 50","","55 / 55","55 / 55","40 / 50","40",141.2,0.2552504,0.0904685,0.47409326,4.637645081570422,3.6936509065371212,"sa3008526"
"Adam Kloffenstein","TOR","SP","A+","21.6916666",,19,"45 / 50","50 / 55","40 / 45","40 / 50","30 / 50","40",184.2,0.24167694,0.11220715,0.538,4.6787013919323845,4.337499287701909,"sa3008578"
"Ethan Hankins","CLE","SP","AA","21.9472222",,15,"55 / 60","50 / 55","50 / 50","45 / 50","30 / 50","40+",63,0.29389313,0.11450382,0.53793103,2.714285796461735,3.285494720969,"sa3008589"
"Cody Morris","CLE","MIRP","AAA","25.5",,18,"55 / 55","","50 / 55","60 / 60","40 / 45","40+",150,0.32484076,0.07484076,0.41873278,3.23999995880127,2.8497001933420085,"sa3008653"
"Cole Winn","TEX","SP","AAA","22.4416666",53,0,"50 / 55","55 / 55","55 / 55","50 / 55","45 / 55","50",176,0.26213592,0.11234397,0.4199536,3.3238630239999143,4.3892398311430805,"sa3008662"
"Wikelman Gonzalez","BOS","SP","A","20.1083333",,4,"55 / 60","50 / 55","","55 / 60","25 / 50","45+",115.1,0.27463312,0.10691824,0.39272727,3.0433534399907547,4.089050538419186,"sa3008687"
"Reny Artiles","CLE","SP","A","20.2972222",,45,"40 / 45","45 / 50","45 / 50","45 / 50","30 / 45","35+",69.1,0.24390244,0.12195122,0.46733668,5.581734249756235,4.3765287019231405,"sa3008716"
"Angel Chivilli","COL","SIRP","DSL","19.7666666",,36,"45 / 55","","","50 / 55","30 / 50","35+",83.2,0.25641026,0.05128205,0.50877193,3.7649400101656356,2.816541695777685,"sa3009470"
"Yaifer Perdomo","ARI","SIRP","A","20.7166666",,46,"40 / 60","","40 / 50","","30 / 50","35+",101.2,0.31278539,0.12328767,0.40084388,4.249180195005442,3.792738415686149,"sa3009484"
"Reidis Sena","BOS","SIRP","A","21.075",,51,"55 / 60","40 / 50","","","20 / 35","35+",62.1,0.24230769,0.1,0.56050955,3.754010886636565,3.8695396741262784,"sa3009626"
"Nic Laio","PIT","SIRP","AAA","24.7666666",,45,"50 / 50","50 / 60","","35 / 45","45 / 50","40",102,0.31350114,0.05949657,0.45833333,4.676469276520988,2.998682449171004,"sa3009861"
"Richard Gallardo","CHC","SP","A","20.6611111",,46,"45 / 45","","45 / 45","50 / 55","35 / 55","35+",143.1,0.18810289,0.08360129,0.52954545,4.144187075923105,4.491134178845722,"sa3009990"
"Blair Calvo","COL","SIRP","AA","26.1861111",,31,"55 / 60","60 / 60","","","30 / 40","35+",107.2,0.25641026,0.10042735,0.45583039,4.8482989600346125,4.797616967331233,"sa3010116"
"Andrew Misiaszek","CLE","MIRP","AA","24.6944444",,47,"40 / 45","55 / 55","","45 / 50","35 / 50","35+",102.1,0.31674208,0.09728507,0.40725806,3.342020710623854,3.4648382989264115,"sa3010118"
"Luis Mey","CIN","SIRP","A","20.8611111",,38,"70 / 70","40 / 45","","35 / 45","20 / 35","35+",55.2,0.1638796,0.14715719,0.53723404,8.730533936475458,6.057509614484463,"sa3010130"
"Peyton Battenfield","CLE","MIRP","AAA","24.7333333",,25,"50 / 50","","50 / 50","45 / 45","35 / 45","40",167.1,0.29878049,0.06707317,0.40346535,2.3127494433485545,3.386127950172754,"sa3010133"
"Gavin Hollowell","COL","SIRP","AA","24.5",,32,"55 / 55","55 / 60","","","30 / 40","35+",51.2,0.36714976,0.07246377,0.40178571,2.4387080869178943,3.2335803312724476,"sa3010239"
"Tyrone Yulie","NYY","SIRP","A","20.75",,33,"60 / 70","50 / 55","","","20 / 30","35+",79,0.2295082,0.1420765,0.44607843,6.265820364333386,4.9895581828704785,"sa3010246"
"Austin Roberts","PIT","MIRP","AA","23.7694444",,47,"55 / 60","","50 / 50","50 / 50","40 / 40","40",115.2,0.32291667,0.08125,0.390681,3.6570607838231566,3.507573807427957,"sa3010254"
"Nic Enright","CLE","SIRP","AA","25.3222222",,48,"50 / 50","","55 / 55","","30 / 45","35+",87,0.37829912,0.07331378,0.30769231,2.5862068398528955,3.1678037567929644,"sa3010299"
"Nick Mikolajchak","CLE","SIRP","AAA","24.4527777",,20,"60 / 60","55 / 60","","50 / 55","40 / 45","40+",75.1,0.35153584,0.04778157,0.30538922,1.7920352016174044,2.836521544071913,"sa3010303"
"Jacob Wallace","BOS","SIRP","AA","23.725",,24,"60 / 60","50 / 60","","50 / 55","30 / 40","40",78.2,0.34718101,0.115727,0.31288344,4.690677662821775,4.2465499976148084,"sa3010374"
"Noah Davis","COL","SP","AA","25.0333333",,21,"45 / 45","50 / 55","50 / 50","40 / 45","40 / 50","40",159,0.24665676,0.09212481,0.42409639,4.075472431447809,4.827330038004246,"sa3010556"
"Hunter Brown","HOU","SP","AAA","23.6805555",97,0,"60 / 60","50 / 55","60 / 70","40 / 50","30 / 45","50",147,0.31279621,0.12638231,0.49415205,3.8571421064372733,3.784195915733049,"sa3010571"
"Louie Varland","MIN","SIRP","AA","24.4027777",,29,"50 / 55","40 / 50","","45 / 55","40 / 50","40",132.1,0.31809872,0.0786106,0.41772152,2.244332385875962,3.7023181314906783,"sa3010572"
"Hayden Wesneski","NYY","SP","AAA","24.4138888",,19,"50 / 55","60 / 60","","45 / 50","45 / 45","40+",182.2,0.27935223,0.0634278,0.48497854,3.399635758287824,3.5552386270014815,"sa3010617"
"Hunter Gaddis","CLE","MIRP","AA","24.0694444",,33,"50 / 50","45 / 45","40 / 40","55 / 60","40 / 45","40",146.1,0.32845528,0.06178862,0.3573487,3.751708558648131,3.3849838816550006,"sa3010621"
"Denny Larrondo","NYY","SP","CPX","19.9277777",,35,"45 / 60","","55 / 60","35 / 50","35 / 55","35+",58,0.24313725,0.14509804,0.3381295,4.810341495717221,5.108918547166435,"sa3010654"
"Zack Hess","DET","SIRP","AA","25.1916666",,25,"60 / 60","55 / 60","","40 / 45","40 / 45","40",80.1,0.29226361,0.14613181,0.37566138,3.1369291378347404,4.316518392934371,"sa3010777"
"Morgan McSweeney","BAL","SIRP","AA","24.6194444",,39,"55 / 55","60 / 60","","","30 / 40","35+",77,0.30357143,0.12202381,0.42702703,3.8571414239779047,4.052068488403625,"sa3010781"
"Andrew Schultz","PHI","SIRP","A+","24.7611111",,31,"70 / 70","45 / 50","","35 / 40","30 / 35","35+",17.1,0.25555556,0.17777778,0.42553191,8.307693831314277,5.220682980686795,"sa3010782"
"Cayne Ueckert","CHC","SIRP","AAA","25.9333333",,38,"60 / 60","50 / 55","","","30 / 40","40",63.1,0.28515625,0.13671875,0.46206897,1.9894725258535435,4.218704869463417,"sa3010789"
"Edwin Jimenez","MIL","SP","A","20.3944444",,26,"30 / 45","","55 / 60","40 / 50","25 / 60","35+",99,0.23404255,0.10874704,0.47154472,3.5454555700636115,4.131373597618409,"sa3010800"
"Dylan Spacke","BOS","SIRP","AA","24.1472222",,47,"45 / 45","60 / 60","","40 / 45","50 / 50","35+",109.2,0.2872807,0.08114035,0.47985348,3.2006081439537457,3.617453227376227,"sa3010812"
"Brandon Walter","BOS","SP","AA","25.6555555",,10,"60 / 60","60 / 60","","50 / 55","40 / 50","45",145.2,0.3407155,0.04770017,0.57099698,2.59496633197098,2.5723425485054947,"sa3010826"
"Colin Peluse","OAK","MIRP","AA","23.8972222",,14,"55 / 70","55 / 55","","40 / 45","35 / 45","40+",148,0.25041186,0.05930807,0.3725,3.1013513513513513,4.162550905885527,"sa3011126"
"Antoine Kelly","MIL","SIRP","A+","22.4138888",,15,"60 / 60","60 / 70","","","30 / 40","40+",67.2,0.32871972,0.14186851,0.42758621,4.921179824041644,4.101642587039171,"sa3011135"
"Sandy Gaston","TBR","SIRP","A","20.3833333",,17,"70 / 80","","50 / 55","45 / 50","30 / 40","45",90,0.28078818,0.1773399,0.51470588,5.3,4.954151441154071,"sa3011136"
"T.J. Sikkema","NYY","SP","A+","23.775",,18,"45 / 50","50 / 55","","40 / 50","45 / 60","40+",10.2,0.325,0.025,0.5,0.8437473345632117,2.090549529533785,"sa3011191"
"Nicio Rodriguez","NYY","SIRP","A","22.6694444",,32,"50 / 60","45 / 55","","","30 / 45","35+",65,0.26578073,0.11295681,0.5,6.230769413603839,4.129888244680254,"sa3011194"
"Gunner Mayer","PHI","SIRP","A","21.7694444",,37,"45 / 55","50 / 60","","30 / 45","30 / 50","35+",51,0.27350427,0.12393162,0.368,6.70588360690764,4.346906606862877,"sa3011199"
"Colby White","TBR","SIRP","AAA","23.8333333",,24,"70 / 70","45 / 50","","","30 / 40","40+",81.2,0.4169279,0.09717868,0.35460993,1.763266102299857,2.8441422651688373,"sa3011200"
"Quinn Priester","PIT","SP","AA","21.6361111",104,5,"50 / 50","","70 / 70","30 / 35","30 / 45","50",134.1,0.24558304,0.09363958,0.55865922,3.0818853601493443,3.974445662578089,"sa3011297"
"Erik Miller","PHI","MIRP","AA","24.225",,11,"45 / 50","50 / 55","50 / 55","55 / 60","30 / 50","40+",58.2,0.33603239,0.11740891,0.3902439,1.380681743368141,3.5214772926522895,"sa3011336"
"Will Ethridge","COL","SP","A+","24.3722222",,35,"40 / 40","45 / 50","","50 / 50","35 / 60","35+",152.1,0.20840065,0.05815832,0.49078341,4.253828345198354,4.355005294175132,"sa3011337"
"Caleb Freeman","CHW","SIRP","AA","24.1972222",,8,"55 / 60","50 / 55","55 / 60","","40 / 40","40",73.1,0.31847134,0.11783439,0.4011976,3.5590891194155527,4.006105310062306,"sa3011339"
"Seth Johnson","TBR","SP","A+","23.625",98,6,"55 / 60","50 / 60","45 / 50","40 / 45","30 / 50","50",123,0.29343629,0.08494208,0.46557377,2.7804881066952953,3.5819545291096806,"sa3011342"
"Taylor Floyd","MIL","SIRP","AA","24.4055555",,20,"50 / 50","60 / 70","","","40 / 40","40",66.2,0.34494774,0.10801394,0.48322148,3.915002062251015,3.564107852531481,"sa3011367"
"Josh Burgmann","CHC","SP","-2","24.2694444",,47,"40 / 45","40 / 50","55 / 60","40 / 45","35 / 50","35+",19,0.27848101,0.03797468,0.48076923,3.789473684210526,2.6094477040987263,"sa3011409"
"Nick Bennett","MIL","MIRP","AA","24.675",,31,"45 / 45","60 / 60","","45 / 45","35 / 40","35+",155.2,0.25263158,0.09323308,0.48899756,3.9314777729746897,4.2000390470410665,"sa3011410"
"JJ Goss","TBR","SP","A","21.3583333",,26,"40 / 45","50 / 55","","","35 / 55","40+",36.1,0.24489796,0.02040816,0.46153846,4.95412887381885,3.084742412825875,"sa3011420"
"Chris Murphy","BOS","MIRP","AA","23.9138888",,38,"45 / 50","40 / 40","45 / 50","50 / 55","35 / 40","35+",158.2,0.29411765,0.08359133,0.374677,3.5735302422818176,4.044943902365214,"sa3011431"
"J.C. Flowers","PIT","SIRP","AA","23.9583333",,21,"55 / 60","60 / 70","","40 / 50","40 / 45","40+",121.1,0.24427481,0.08206107,0.52225519,3.931319711318307,3.9101751064829076,"sa3011493"
"Brandon Williamson","CIN","SP","AA","24.0888888",63,4,"50 / 55","55 / 60","55 / 60","55 / 60","35 / 45","50",136,0.36091549,0.09330986,0.41034483,3.573530514347852,3.364683243655839,"sa3011494"
"Daniel Espino","CLE","SP","AA","21.3305555",10,1,"70 / 80","60 / 70","55 / 60","45 / 55","45 / 50","60",133.2,0.40850277,0.09796673,0.40077821,3.568577603079276,2.7392162203136476,"sa3011495"
"Ryan Jensen","CHC","MIRP","AA","24.4472222",,19,"60 / 60","50 / 50","45 / 50","45 / 50","35 / 45","40+",108.1,0.27668845,0.12854031,0.5546875,4.1538462757358925,4.274330818929526,"sa3011496"
"Ryne Nelson","ARI","SP","AAA","24.2583333",,6,"60 / 70","55 / 60","55 / 60","40 / 45","40 / 45","45+",161.1,0.33033033,0.08708709,0.38829787,3.793387831792306,3.716652408784446,"sa3011524"
"George Kirby","SEA","SP","AA","24.2388888",29,0,"70 / 70","40 / 45","50 / 50","45 / 50","55 / 70","55",115.1,0.3004386,0.04385965,0.51369863,2.341040294660867,3.1039890740182163,"sa3011526"
"Matt Canterino","MIN","MIRP","AA","24.3888888",,8,"55 / 55","55 / 60","50 / 55","55 / 60","40 / 45","45+",60.2,0.41048035,0.09170306,0.3853211,1.3351647652026184,2.7213303079847417,"sa3011530"
"Cole Waites","SFG","SIRP","A+","23.9",,40,"70 / 70","45 / 55","","","20 / 35","35+",38.1,0.4691358,0.14197531,0.44262295,4.226090671419983,2.5924145605177378,"sa3011556"
"Mitchell Stumpo","ARI","SIRP","AAA","25.8805555",,43,"50 / 55","50 / 55","","","30 / 35","35+",77.1,0.33225806,0.07419355,0.53672316,2.793103563090997,3.187767567784808,"sa3011585"
"Jack Weisenburger","OAK","SIRP","AA","24.5722222",,31,"55 / 55","70 / 70","","","30 / 35","40",73,0.33333333,0.14603175,0.39622642,3.4520553356936734,4.214849137234343,"sa3011607"
"Starlyn Castillo","PHI","SIRP","A","20.1944444",,41,"55 / 60","55 / 60","","40 / 50","30 / 45","35+",30,0.22222222,0.13333333,0.45783133,5.4,4.84679985082389,"sa3011608"
"Ethan Small","MIL","SP","AAA","25.2222222",,6,"50 / 55","","40 / 45","55 / 60","45 / 55","45",121.2,0.3244898,0.12653061,0.41129032,1.5534247630629967,3.751001527414615,"sa3011621"
"Joey Estes","OAK","SP","A+","20.5722222",,21,"55 / 60","40 / 45","","50 / 55","35 / 55","40",129,0.29981025,0.07969639,0.32698413,3.558139534883721,3.874820638384468,"sa3011637"
"Josh Wolf","CLE","MIRP","A","21.675",,34,"50 / 55","50 / 55","","40 / 50","30 / 45","40",73.2,0.23939394,0.10606061,0.56650246,5.131222428020277,4.267015113941204,"sa3011638"
"Conor Grammes","ARI","SIRP","A+","24.7916666",,21,"65 / 70","60 / 70","55 / 60","","30 / 35","40",40.2,0.27956989,0.10752688,0.4587156,6.196726930495746,4.047726440316272,"sa3011651"
"Drey Jameson","ARI","SP","AAA","24.7138888",77,3,"70 / 70","60 / 70","50 / 50","50 / 55","40 / 45","50",144.2,0.29575163,0.08333333,0.48901099,4.292625834367686,3.7676456836865144,"sa3011652"
"Tommy Henry","ARI","SP","AAA","24.7638888",,13,"45 / 50","50 / 55","","50 / 55","40 / 50","45",140.1,0.26072607,0.11221122,0.42276423,5.0023755462090636,4.391809084483184,"sa3011673"
"DJ Herz","CHC","MIRP","A+","21.3333333",,12,"50 / 55","45 / 50","","60 / 70","30 / 35","45",109,0.37045455,0.14090909,0.395,2.889909419976972,3.9085462182753345,"sa3011680"
"Yennier Cano","MIN","SIRP","AAA","28.1527777",,38,"50 / 50","50 / 55","","","45 / 45","35+",95.2,0.27294686,0.12318841,0.6173913,3.010453221762334,3.5922656009487737,"sa3011688"
"Noah Song","BOS","SP","A-","24.9333333",,19,"55 / 60","50 / 55","50 / 55","40 / 45","40 / 50","40+",17,0.29230769,0.07692308,0.41463415,1.0588235294117647,2.800574140820433,"sa3011695"
"Brendan Cellucci","BOS","SIRP","A+","23.8444444",,39,"50 / 50","","60 / 60","","20 / 35","35+",57,0.30882353,0.15808824,0.50714286,6.1578949428991665,4.277034476422829,"sa3011710"
"Sem Robberse","TOR","SP","A+","20.5611111",,8,"45 / 50","45 / 55","50 / 55","30 / 50","30 / 50","40+",121,0.23210832,0.07930368,0.47058824,3.64462896093943,4.018179966067673,"sa3011735"
"Brennan Malone","PIT","SP","A","21.6555555",,56,"50 / 50","50 / 55","50 / 55","40 / 50","35 / 50","35+",22,0.25263158,0.15789474,0.45833333,4.090909046575058,4.960065810038054,"sa3011741"
"Caleb Kilian","CHC","SP","AAA","24.9222222",,8,"55 / 55","45 / 45","45 / 50","45 / 50","60 / 70","45",136,0.2901354,0.04448743,0.51796407,2.0514704443798033,3.093663104776991,"sa3011773"
"Jean Pinto","BAL","SIRP","A+","21.3194444",,29,"50 / 60","60 / 60","","40 / 45","30 / 50","40",97.2,0.33591731,0.06976744,0.56018519,2.948805307183624,2.934054493286262,"sa3011803"
"Bradley Blalock","BOS","SP","A+","21.3583333",,36,"55 / 60","45 / 50","30 / 45","30 / 40","30 / 45","35+",93,0.2124105,0.09546539,0.4673913,4.451612994524494,4.445697832498792,"sa3011809"
"Blake Walston","ARI","SP","AA","20.85",,7,"35 / 45","45 / 50","55 / 60","45 / 55","35 / 55","45+",124.1,0.30902111,0.0806142,0.42019544,3.4745310265377,3.9181420935912756,"sa3011814"
"Tyler Schlaffer","CHC","SP","A","20.9444444",,34,"40 / 50","","45 / 50","45 / 55","30 / 45","40",78,0.23121387,0.0867052,0.40358744,4.84615372764994,4.6829631290712745,"sa3011815"
"Trevor McDonald","SFG","SP","A","21.1888888",,35,"45 / 50","45 / 50","50 / 55","","30 / 50","35+",88,0.25388601,0.10362694,0.5154185,3.579545600016507,4.852931701937395,"sa3011835"
"Andrew Dalquist","CHW","SP","A+","21.475",,13,"40 / 45","40 / 50","45 / 55","40 / 50","30 / 40","40",102.1,0.19175258,0.1443299,0.39802632,5.276873128091804,6.1479177578777735,"sa3011841"
"Matthew Thompson","CHW","SP","A+","21.7305555",,12,"45 / 50","40 / 45","50 / 55","40 / 50","35 / 50","40",99,0.22323462,0.10250569,0.45229682,5.090909777484633,4.894426496545799,"sa3011866"
"Cade Cavalli","WSN","SP","AAA","23.7222222",76,0,"70 / 70","45 / 50","","60 / 70","30 / 45","50",140.2,0.31543624,0.11241611,0.46417445,3.7109003397539206,3.7455675980274608,"sa3014421"
"Bobby Miller","LAD","SP","AA","23.0805555",59,0,"65 / 70","60 / 60","","45 / 55","40 / 45","50",68,0.3057554,0.05395683,0.43558282,2.911764705882353,3.488125881222855,"sa3014422"
"Asa Lacy","KCR","SIRP","AA","22.9222222",102,0,"60 / 70","60 / 70","55 / 60","45 / 50","30 / 35","50",61.2,0.32857143,0.16428571,0.36641221,5.108107844785337,4.718434921861581,"sa3014423"
"J.T. Ginn","OAK","SP","AA","22.9555555",,10,"50 / 55","60 / 60","","40 / 50","35 / 55","45",106.2,0.23325635,0.06235566,0.59440559,3.459374896902594,3.8397234844977,"sa3014428"
"Chris McMahon","COL","SP","A+","23.25",,14,"40 / 45","50 / 55","","45 / 55","35 / 50","40",114.1,0.24536082,0.06597938,0.39197531,4.172011847404807,4.559028429155218,"sa3014429"
"Max Meyer","MIA","SP","AAA","23.1444444",58,0,"55 / 60","60 / 70","","45 / 55","40 / 50","50",137.1,0.29316547,0.08633094,0.53592814,2.162621409282439,3.2867410971599202,"sa3014430"
"R.J. Dabovich","SFG","SIRP","AA","23.3138888",,17,"70 / 70","","55 / 60","","30 / 40","40+",40.1,0.44720497,0.08074534,0.2972973,3.123966449711311,2.5923805261132813,"sa3014431"
"Connor Phillips","CIN","MIRP","A+","21",,6,"50 / 60","60 / 60","50 / 55","","30 / 40","45",96,0.33809524,0.13809524,0.40487805,4.40625,4.268528233716886,"sa3014433"
"Jeff Criswell","OAK","MIRP","A+","23.15",,15,"55 / 60","55 / 60","45 / 50","40 / 45","30 / 40","40+",32.1,0.23622047,0.06299213,0.51190476,4.175258142457366,3.988429346221684,"sa3014435"
"Bryce Jarvis","ARI","SP","AA","24.3555555",,11,"50 / 50","50 / 55","45 / 45","50 / 55","40 / 55","45",99.1,0.26252983,0.10023866,0.40079365,4.620805605731201,4.57423564843238,"sa3014437"
"Cole Wilcox","TBR","SP","A","22.8055555",,14,"55 / 60","55 / 60","","45 / 55","35 / 45","45",44.1,0.29885057,0.02873563,0.61111111,2.0300754208758844,2.8368692371384823,"sa3014443"
"Logan Allen","CLE","MIRP","AA","23.6638888",,17,"55 / 55","40 / 45","","","45 / 55","40+",137.2,0.33519553,0.0689013,0.36538462,2.2227604240061205,3.3228857159180825,"sa3014444"
"Cole Henry","WSN","SIRP","AA","22.8027777",85,0,"55 / 60","","55 / 60","55 / 60","40 / 45","50",60,0.37554585,0.069869,0.46551724,1.8,3.3739624810715516,"sa3014446"
"Tanner Burns","CLE","SP","AA","23.35",,30,"45 / 45","50 / 55","45 / 45","45 / 50","40 / 50","40",93.1,0.29048843,0.09768638,0.39647577,3.1821430955857823,4.172282443455443,"sa3014451"
"Bryce Bonnin","CIN","SIRP","A+","23.5638888",,14,"55 / 55","55 / 60","","30 / 45","30 / 40","40+",54.2,0.38888889,0.10185185,0.47115385,2.634146188285514,3.020270374645307,"sa3014453"
"Sam Weatherly","COL","SIRP","A","22.9333333",,12,"55 / 60","55 / 60","50 / 55","40 / 45","30 / 45","40+",69,0.32432432,0.10810811,0.34193548,4.826086956521739,4.708683259720388,"sa3014455"
"Jared Jones","PIT","SP","A+","20.7444444",,9,"60 / 60","55 / 60","55 / 55","40 / 50","30 / 45","45",82,0.34864865,0.11351351,0.42941176,4.829268292682927,3.781409330593377,"sa3014459"
"Beck Way","NYY","SP","A+","22.7444444",,26,"50 / 55","45 / 50","","45 / 50","30 / 45","40",77.2,0.3190184,0.13190184,0.56140351,3.9399144856133264,3.9674448286150743,"sa3014462"
"Jared Kelley","CHW","SIRP","A","20.5861111",,6,"55 / 60","30 / 40","","60 / 70","30 / 50","40+",32.1,0.21341463,0.19512195,0.45882353,6.680411008279068,6.157949334434194,"sa3014471"
"Christian Roa","CIN","SP","A+","23.0888888",,22,"50 / 50","50 / 50","55 / 55","50 / 55","35 / 50","40",58.2,0.26907631,0.10441767,0.40397351,3.5284087850042876,4.213039300101516,"sa3014477"
"Owen White","TEX","SP","A+","22.7361111",87,0,"45 / 50","55 / 60","50 / 50","45 / 55","50 / 60","50",53.2,0.37735849,0.08018868,0.42990654,3.18633589445276,3.0022558284546896,"sa3014481"
"Trent Palmer","TOR","MIRP","A+","23.0861111",,27,"40 / 45","50 / 50","","60 / 60","30 / 40","35+",79,0.31750742,0.14540059,0.50295858,2.7341772151898733,3.9920467206571675,"sa3014491"
"Nick Frasso","TOR","SP","A","23.5444444",,9,"45 / 55","","40 / 45","40 / 50","30 / 50","40+",5,0.38095238,0.0952381,0.4,0,2.9059464395046235,"sa3014492"
"Burl Carraway","CHC","SIRP","AA","22.9361111",,23,"65 / 70","","70 / 70","","20 / 30","40+",42.1,0.28502415,0.28019324,0.4939759,5.5275582249621555,6.456853325264971,"sa3014495"
"Joe Boyle","CIN","SIRP","A+","22.7222222",,42,"80 / 80","50 / 55","","","20 / 30","35+",36.2,0.47260274,0.18493151,0.42222222,1.2272726208710565,3.1385536703468295,"sa3014498"
"Nick Garcia","PIT","SP","A+","23.0388888",,36,"40 / 45","45 / 50","40 / 45","50 / 55","30 / 50","40",88.1,0.25316456,0.10632911,0.51304348,4.2792456218194195,4.60297046760299,"sa3014501"
"Carmen Mlodzinski","PIT","MIRP","AA","23.2083333",,31,"50 / 50","50 / 50","","40 / 45","35 / 50","40",72.2,0.27974277,0.10289389,0.44086022,4.211009653276264,4.318899846842608,"sa3014505"
"Ian Seymour","TBR","MIRP","AA","23.3916666",,16,"45 / 45","50 / 55","","50 / 55","50 / 55","45",68.1,0.38405797,0.10144928,0.37593985,3.029268518160826,3.5974456962733257,"sa3014512"
"Kyle Harrison","SFG","SP","A+","20.7277777",39,3,"55 / 60","60 / 60","","45 / 60","35 / 55","50",113.2,0.375,0.11309524,0.50649351,3.167155708662527,3.6632244146605424,"sa3014513"
"Luke Little","CHC","SIRP","A","21.6777777",,39,"70 / 70","50 / 55","","","30 / 35","40",22.2,0.37623762,0.11881188,0.44186047,4.367646446277612,3.980048109990412,"sa3014514"
"Justin Lange","NYY","SP","A","20.6472222",,17,"55 / 60","40 / 50","","40 / 50","20 / 45","40+",22,0.28431373,0.14705882,0.41666667,6.954545454545454,5.296013047478416,"sa3014517"
"Jeremy Wu-Yelland","BOS","SIRP","A+","22.8611111",,41,"50 / 55","55 / 60","45 / 45","45 / 50","30 / 35","35+",76,0.27355623,0.12765957,0.36956522,3.9078947368421053,5.006857845893032,"sa3014520"
"Kyle Nicolas","PIT","SIRP","AA","23.2",,16,"55 / 60","55 / 60","45 / 45","30 / 30","30 / 40","40+",113.2,0.31416838,0.10882957,0.34191176,4.275659704469594,4.2716626580609205,"sa3014523"
"Karl Kauffmann","COL","SP","AA","24.7194444",,27,"45 / 50","45 / 50","","50 / 55","30 / 45","40",113,0.18574109,0.0956848,0.51780822,6.371681415929204,4.691141221099074,"sa3014526"
"Mick Abel","PHI","SP","A+","20.7111111",21,1,"55 / 65","","55 / 70","45 / 55","35 / 55","55",58.2,0.35742972,0.12048193,0.41525424,4.295454173048698,3.938452084584764,"sa3014534"
"Jack Kochanowicz","LAA","SP","A","21.3666666",,25,"45 / 45","45 / 50","55 / 60","45 / 50","30 / 50","35+",83.1,0.18961039,0.09090909,0.48863636,6.9120004218750255,5.30990700523342,"sa3014539"
"Nick Swiney","SFG","SP","A+","23.2277777",,18,"40 / 45","","50 / 55","50 / 55","35 / 55","40+",46,0.37113402,0.12886598,0.43820225,1.565217391304348,3.621383856469131,"sa3014542"
"Marco Raya","MIN","SP","A","19.7416666",,13,"40 / 50","45 / 50","","40 / 55","35 / 55","40+",12,0.3125,0.0625,0.42857143,2.25,2.7757479568322507,"sa3014550"
"Chih-Jung Liu","BOS","SIRP","A+","23.075",,30,"40 / 60","50 / 60","","","30 / 40","40",71,0.26421405,0.08695652,0.41935484,4.436619837495504,4.066103548302655,"sa3014675"
"Luis Perales","BOS","SIRP","DSL","19.0555555",,50,"60 / 60","","45 / 55","30 / 45","20 / 40","35+",2,0.375,0.125,0.25,4.5,2.8734619215130808,"sa3014677"
"Stevie Emanuels","OAK","SP","A+","23.2611111",,44,"40 / 50","50 / 55","","40 / 50","30 / 55","35+",46,0.22274882,0.10900474,0.42857143,6.456521739130435,4.6909418579537565,"sa3014698"
"Po-Yu Chen","PIT","SP","A","20.5888888",,25,"30 / 40","","45 / 50","","35 / 60","40",58.2,0.25819672,0.08606557,0.4214876,2.761363486736282,4.053284677239267,"sa3014699"
"CJ Van Eyk","TOR","SP","A+","23.6361111",,5,"50 / 50","50 / 55","45 / 50","50 / 55","30 / 45","40+",80.1,0.28328612,0.11048159,0.43478261,5.825726509931668,4.580946489338979,"sa3014713"
"Slade Cecconi","ARI","SP","AA","22.8611111",,10,"45 / 50","55 / 60","50 / 55","40 / 45","35 / 50","45",79.2,0.25072886,0.06705539,0.42600897,4.518828271569436,4.6817252820845665,"sa3014739"
"Garrett Acton","OAK","SIRP","AA","23.8861111",,25,"65 / 65","45 / 50","","45 / 50","30 / 40","40",63.1,0.375,0.09469697,0.2962963,4.405263511678878,3.5945515965104278,"sa3014787"
"Xzavion Curry","CLE","SP","AA","23.7694444",,11,"60 / 60","45 / 50","50 / 55","30 / 35","55 / 60","45",119.1,0.32489451,0.05063291,0.31468531,2.7905029568354247,3.5759474352932834,"sa3014790"
"Eury Perez","MIA","SP","AA","19.0527777",69,0,"45 / 60","","45 / 50","45 / 60","25 / 55","50",95,0.36507937,0.08201058,0.37823834,2.557894736842105,3.3218971805352915,"sa3014807"
"Vin Timpanelli","CIN","SIRP","AA","23.5888888",,30,"50 / 55","60 / 70","","","30 / 40","40",55,0.35802469,0.17283951,0.35416667,3.5999993757769193,4.730363906787258,"sa3014814"
"Blake Brown","PHI","SIRP","AA","23.7111111",,32,"65 / 70","45 / 50","40 / 45","","30 / 40","35+",41,0.32065217,0.19565217,0.41666667,3.073170731707317,5.382062561555607,"sa3014847"
"Evan Reifert","TBR","SIRP","CPX","22.9722222",,49,"55 / 60","60 / 70","","","20 / 30","35+",63.1,0.38571429,0.15357143,0.43859649,3.1263159581630937,3.9674029657481626,"sa3014860"
"Carson Spiers","CIN","SP","AA","24.4805555",,15,"45 / 50","55 / 60","","40 / 50","35 / 55","40+",123.2,0.28486056,0.07569721,0.39273927,3.7115902010876485,4.067642579578477,"sa3014863"
"Justin Sterner","TBR","SIRP","AAA","25.6805555",,50,"50 / 55","60 / 60","","","55 / 55","35+",62,0.31558935,0.09885932,0.26056338,3.629032244109214,4.310940837287778,"sa3014864"
"Stevie Branche","CIN","SIRP","AA","24.9611111",,34,"55 / 60","50 / 60","","","30 / 40","35+",67.2,0.38408304,0.14878893,0.44444444,2.5270939047322085,3.756580295359168,"sa3014866"
"Yosver Zulueta","TOR","SIRP","A","24.2805555",,17,"70 / 70","","50 / 55","","40 / 40","40",4,0.46666667,0.06666667,0.5,0,1.3854151770472525,"sa3014869"
"Ryan Murphy","SFG","SP","AA","22.5722222",,21,"40 / 40","45 / 50","40 / 45","45 / 50","35 / 60","40",107.1,0.39328537,0.06235012,0.41706161,2.515528024813493,3.219441279293491,"sa3014871"
"Ben Leeper","CHC","SIRP","AAA","24.8861111",,18,"65 / 70","55 / 60","","","30 / 35","40+",45,0.36216216,0.0972973,0.36170213,2,3.59153789308374,"sa3014907"
"Sean Mooney","MIN","SP","A+","24.3138888",,31,"40 / 45","55 / 60","","50 / 55","35 / 55","35+",55,0.38427948,0.13537118,0.33980583,2.618181818181818,3.8064612119035286,"sa3014913"
"Carson Ragsdale","SFG","SP","A","23.9416666",,22,"45 / 50","","55 / 60","","35 / 55","40",113.2,0.33805668,0.09109312,0.37078652,4.434017992127538,4.02653616168129,"sa3014922"
"Kyle Brnovich","BAL","SP","AAA","24.5388888",,17,"40 / 40","","55 / 60","45 / 50","55 / 60","40",103,0.29672897,0.0771028,0.424,3.495145631067961,3.8016400712004668,"sa3014923"
"Brandon Young","BAL","SP","AA","23.7083333",,33,"45 / 45","45 / 50","55 / 55","50 / 55","30 / 50","35+",97.2,0.30317848,0.10513447,0.44541485,3.3174064240848393,4.021422958061201,"sa3014926"
"Max Bain","CHC","SP","A+","26.6027777",,29,"55 / 55","45 / 50","55 / 60","","30 / 40","40",108,0.2654321,0.13374486,0.33716475,5.25,5.219783069552095,"sa3014932"
"Brandon Pfaadt","ARI","SP","AA","23.5527777",,8,"45 / 50","55 / 60","55 / 55","35 / 40","45 / 55","45+",151,0.30882353,0.05392157,0.37333333,3.337748639495047,3.9566526469469356,"sa3014983"
"Adam Seminaris","LAA","MIRP","A+","23.5416666",,17,"35 / 40","","45 / 50","55 / 60","45 / 60","40",99,0.31147541,0.07259953,0.52631579,4.090909169725152,3.395006619156584,"sa3015010"
"Trey Benton","CLE","SIRP","A","23.8777777",,46,"45 / 50","","55 / 60","","30 / 40","35+",24,0.31858407,0.28318584,0.56097561,5.25,5.677960489069423,"sa3015034"
"Davis Daniel","LAA","SIRP","AAA","24.8972222",,13,"50 / 60","50 / 55","55 / 55","35 / 40","45 / 50","40",133.2,0.29874776,0.07692308,0.35014837,3.905236759129217,4.197139247026966,"sa3015037"
"Daniel Palencia","CHC","SP","A+","22.2472222",,25,"60 / 60","","50 / 55","","30 / 45","40+",53.1,0.28512397,0.14876033,0.32061069,5.231250311806817,5.302551639672736,"sa3015122"
"Alejandro Hidalgo","LAA","SP","A","18.95",,11,"40 / 50","","50 / 60","40 / 50","20 / 45","40",49.1,0.29245283,0.07075472,0.32,3.8310813279462073,4.224941845014061,"sa3015151"
"Manuel Mercedes","SFG","SP","A","19.6194444",,14,"50 / 60","40 / 50","","35 / 60","20 / 45","40+",67,0.2310231,0.1320132,0.61728395,5.10447775725401,5.014198275486182,"sa3015214"
"Joe Elbis","ARI","SP","A","19.6111111",,25,"30 / 45","45 / 50","45 / 50","45 / 55","25 / 60","40",63.2,0.27238806,0.04104478,0.41614907,4.382198602790345,3.9746601925722556,"sa3015216"
"Wilmer Flores","DET","SIRP","A+","21.2055555",,13,"60 / 70","45 / 50","55 / 60","","30 / 40","40+",80,0.3502994,0.0748503,0.53672316,3.2625,2.751832083519548,"sa3015223"
"Dahian Santos","TOR","SP","A","19.1888888",,12,"40 / 55","55 / 60","","30 / 45","20 / 45","40",52.1,0.36123348,0.0969163,0.38,4.815287092200318,3.09063637949665,"sa3015282"
"Cristian Mena","CHW","SP","A","19.3694444",,20,"30 / 45","","50 / 60","40 / 45","25 / 55","35+",65.2,0.28474576,0.0779661,0.45604396,6.441625176261547,4.021283959569958,"sa3015302"
"Juan Mendez","MIN","SIRP","A","23.5444444",,40,"45 / 55","40 / 50","","40 / 45","30 / 40","35+",35,0.30519481,0.12987013,0.48571429,3.342857142857143,4.117623852271234,"sa3015336"
"Jean Cabrera","PHI","SP","DSL","20.5388888",,36,"50 / 60","40 / 45","","30 / 50","30 / 45","35+",52.2,0.31122449,0.05102041,0.49166667,1.5379745350150062,2.5288905509462807,"sa3015433"
"Yoniel Curet","TBR","SP","DSL","19.5027777",,48,"45 / 50","30 / 50","45 / 50","30 / 50","20 / 50","35+",51,0.28506787,0.12217195,0.48979592,3.7058823529411766,4.18004298569525,"sa3015446"
"Fernando Guanare","LAA","SP","A","18.8694444",,18,"30 / 45","35 / 55","45 / 50","30 / 50","25 / 60","40",60.2,0.27710843,0.03614458,0.51282051,2.3736262492490994,2.8317421762967876,"sa3015496"
"Alexander Alberto","TBR","SP","DSL","20.5055555",,56,"30 / 50","40 / 55","","","30 / 40","35+",25.2,0.17073171,0.15447154,0.57352941,4.207791686641187,5.158098300995961,"sa3015986"
"Reynardo Cruz","CIN","SP","A","20.5277777",,37,"35 / 50","45 / 55","","30 / 50","25 / 55","35+",49,0.31336406,0.12903226,0.42105263,3.306122448979592,4.317935496251829,"sa3016032"
"Jordy Vargas","COL","SP","DSL","18.4944444",,5,"50 / 60","","55 / 60","30 / 55","25 / 55","45",34.2,0.32394366,0.11267606,0.36986301,1.29807673262424,3.1227369995912104,"sa3016052"
"Joaquin Tejada","PIT","SP","DSL","18.8",,40,"40 / 50","25 / 55","55 / 60","","20 / 50","40",28.2,0.24264706,0.125,0.43661972,4.3953483497987405,4.590243434126316,"sa3016207"
"Victor Juarez","COL","SP","A","18.875",,24,"50 / 55","","50 / 55","45 / 55","35 / 55","40",56,0.30493274,0.06726457,0.48461538,2.732142857142857,3.3401831527521635,"sa3016226"
"Bryan Perez","COL","SP","DSL","18.6555555",,33,"55 / 60","45 / 50","","30 / 45","20 / 45","35+",32.1,0.26717557,0.07633588,0.54117647,2.7835055925043783,2.9904638432911828,"sa3016515"
"Kendry Rojas","TOR","SIRP","A","19.4388888",,21,"45 / 60","","45 / 55","","20 / 45","35+",37.2,0.33552632,0.09868421,0.44047619,3.1061944281152347,3.5215981377515804,"sa3016746"
"Linse Carvajal","TBR","SIRP","CPX","23.4138888",,55,"60 / 60","50 / 55","","","40 / 45","35+",7.1,0.17948718,0.12820513,0.40740741,11.045459333532218,6.362571786048343,"sa3016841"
"Kohl Simas","CHW","SP","A","22.3666666",,15,"45 / 50","50 / 55","50 / 55","40 / 45","30 / 50","40",40,0.37662338,0.07142857,0.36585366,2.475,2.8795963997021317,"sa3016949"
"Hayden Juenger","TOR","SIRP","AA","21.7361111",,16,"55 / 60","55 / 60","","","30 / 45","40",33.1,0.43650794,0.05555556,0.34920635,3.510000334739717,2.564593585210167,"sa3017103"
"Griff McGarry","PHI","MIRP","A+","22.9055555",,10,"55 / 60","55 / 60","","60 / 60","30 / 35","40+",31.2,0.43609023,0.12781955,0.34482759,3.6947375839108085,2.9093970515585834,"sa3017130"
"Andrew Baker","PHI","SIRP","A+","22.1111111",,33,"60 / 60","","60 / 60","","30 / 35","35+",19,0.27083333,0.26041667,0.51219512,9.473684210526315,6.437008063808868,"sa3017196"
"Sam Bachman","LAA","SIRP","AA","22.5944444",,2,"65 / 65","55 / 60","","35 / 40","30 / 40","45",14.1,0.25862069,0.06896552,0.66666667,3.7674426960263574,3.699282109607116,"sa3017261"
"Gil Luna Jr.","CHW","MIRP","A+","22.7638888",,24,"50 / 55","","45 / 45","55 / 60","30 / 35","35+",20.1,0.39189189,0.13513514,0.37142857,1.3278690600581342,3.941759829771113,"sa3017301"
"Ian Villers","SFG","SIRP","A","21.675",,41,"50 / 55","55 / 60","","","30 / 40","35+",11.2,0.28,0.08,0.48275862,2.314285083693073,4.1055368656839235,"sa3017303"
"Mason Montgomery","TBR","SP","A+","21.8805555",,41,"45 / 55","30 / 45","","60 / 70","30 / 45","35+",26,0.44761905,0.11428571,0.28888889,1.0384615384615385,2.7346237906799695,"sa3017306"
"Ryan Cusick","OAK","SIRP","AA","22.4777777",,9,"70 / 70","55 / 60","","","30 / 35","45",31,0.37410072,0.08633094,0.43055556,5.806451612903226,2.9245663713970176,"sa3017385"
"Ky Bush","LAA","SIRP","AA","22.4777777",,5,"55 / 60","55 / 60","45 / 45","","30 / 40","40+",30.1,0.265625,0.0625,0.5,3.5604399335714416,3.5081098091057648,"sa3017386"
"Sean Burke","CHW","MIRP","A+","22.3777777",,10,"55 / 60","50 / 55","50 / 50","30 / 40","30 / 40","40",40.1,0.30409357,0.13450292,0.37362637,3.1239671883675433,4.890891452966238,"sa3017461"
"Norge Vera","CHW","SP","DSL","21.925",,11,"45 / 50","","50 / 55","40 / 50","30 / 50","40",19,0.49275362,0.07246377,0.7826087,0,0.974623544984742,"sa3017468"
"Tanner McDougal","CHW","SP","A","19.0861111",,27,"40 / 50","40 / 50","","40 / 50","20 / 50","35+",9.2,0.4047619,0.11904762,0.45,9.310341765850406,3.5630796640024682,"sa3017471"
"Andrew Abbott","CIN","SP","A+","22.925",,21,"50 / 55","","55 / 60","45 / 50","30 / 45","40",34,0.41304348,0.07971014,0.42424242,2.1176470588235294,2.5690644108197267,"sa3017529"
"Carlos Tavera","BAL","MIRP","A+","23.5777777",,38,"45 / 50","45 / 45","","60 / 60","35 / 50","35+",26.1,0.27192982,0.15789474,0.296875,4.101266317882576,5.344876602011241,"sa3017536"
"Wyatt Olds","BOS","SIRP","A+","22.7472222",,48,"50 / 55","55 / 60","","","30 / 40","35+",30.2,0.32214765,0.1409396,0.53521127,6.1630428393982974,4.438384148161691,"sa3017539"
"Jake Rice","ARI","SIRP","A+","24.7916666",,40,"45 / 60","45 / 50","","","30 / 50","35+",26,0.31313131,0.08080808,0.53448276,2.076923076923077,3.5793499160940776,"sa3017593"
"Luke Murphy","LAA","SIRP","AA","22.4972222",,36,"60 / 60","40 / 45","40 / 40","35 / 40","30 / 40","35+",17.2,0.38461538,0.06153846,0.47222222,3.056603223584153,2.6936505711040803,"sa3017653"
"Mason Erla","LAA","MIRP","AA","24.7083333",,26,"55 / 60","40 / 45","","55 / 60","30 / 45","35+",12.1,0.34782609,0.02173913,0.42307692,1.459459863848133,3.5522601428324885,"sa3017685"
"Keagan Gillies","BAL","SIRP","A","24.2694444",,41,"55 / 60","40 / 45","45 / 50","30 / 30","30 / 40","35+",3,0.18181818,0.09090909,0.25,0,5.710115320483844,"sa3017686"
"Joe Rock","COL","SP","A+","21.7638888",,22,"45 / 50","50 / 55","","45 / 55","30 / 45","40",30,0.34482759,0.06896552,0.5,2.7,3.1266700049241383,"sa3017755"
"Cade Povich","MIN","SP","A+","22.0611111",,22,"35 / 45","","50 / 55","35 / 50","35 / 60","40",24,0.42424242,0.06060606,0.42222222,3,2.3662640779589617,"sa3017787"
"David Festa","MIN","SP","A","22.1555555",,34,"40 / 50","45 / 55","40 / 45","45 / 55","30 / 50","35+",26.1,0.34,0.08,0.45454545,2.734177570009942,3.2725217043135504,"sa3017788"
"McCade Brown","COL","SIRP","A","21.9694444",,25,"55 / 55","50 / 55","45 / 50","40 / 45","35 / 50","40",8,0.25714286,0.08571429,0.42857143,6.75,4.1435275197029116,"sa3017812"
"Jose Pena Jr.","PHI","SIRP","CPX","18.8222222",,38,"45 / 50","","50 / 60","40 / 45","20 / 45","35+",2.2,0.35714286,0.21428571,0.5,13.499982699774025,4.211342529775677,"sa3017821"
"Will Bednar","SFG","SP","A","21.8916666",,9,"45 / 50","55 / 60","50 / 55","30 / 45","30 / 50","45",27.2,0.28181818,0.08181818,0.43333333,1.9518070046520228,4.751329166440069,"sa3017844"
"Mason Albright","LAA","SP","A","19.4388888",,14,"45 / 50","","55 / 60","30 / 45","20 / 50","40",25.1,0.22429907,0.10280374,0.43478261,4.263158429692724,5.145117650825384,"sa3017847"
"Micah Ottenbreit","PHI","SP","A","18.9916666",,15,"40 / 55","","45 / 55","45 / 55","20 / 50","40",11.2,0.1509434,0.1509434,0.55555556,6.1714268898481945,5.6971880373926735,"sa3017860"
"Chase Silseth","LAA","MIRP","AA","21.9611111",,27,"45 / 50","45 / 50","40 / 45","45 / 55","30 / 40","35+",25.1,0.32692308,0.05769231,0.43333333,3.1973688523608153,3.218323867795563,"sa3017871"
"Zachary Leigh","CHC","MIRP","A+","24.4722222",,21,"45 / 50","45 / 50","","50 / 60","30 / 45","40+",8.2,0.5,0.08823529,0.41666667,1.038461128988371,2.180809594770727,"sa3017873"
"Matt Mikulski","SFG","MIRP","A","22.9888888",,16,"55 / 60","45 / 50","45 / 45","60 / 70","30 / 45","40+",19.2,0.225,0.1125,0.42857143,4.118643402060266,4.963547569088663,"sa3017874"
"Kevin Abel","CIN","SP","CPX","23.2083333",,41,"30 / 30","","50 / 55","60 / 60","35 / 55","35+",4,0.35294118,0.17647059,0.125,9,5.641804647445679,"sa3017879"
"Andrew Painter","PHI","SP","A","19.0666666",,4,"50 / 60","50 / 55","45 / 50","30 / 45","25 / 50","45",22,0.6,0.0625,0.66666667,0,0.07476146424358543,"sa3017880"
"Mat Olsen","SFG","SIRP","A","21.8222222",,39,"50 / 55","45 / 55","50 / 55","","30 / 40","35+",14.2,0.37037037,0.05555556,0.5862069,0.6136362306342925,2.7224391407004793,"sa3017882"
"Jordan Wicks","CHC","SP","A+","22.675",,10,"40 / 45","45 / 50","40 / 45","60 / 70","35 / 60","45",21.1,0.24489796,0.07142857,0.43333333,5.484375817235681,3.94268488733469,"sa3017894"
"Landon Marceaux","LAA","SP","A+","22.5722222",,24,"40 / 40","55 / 60","55 / 55","30 / 40","35 / 55","35+",16.2,0.22368421,0.03947368,0.46296296,9.179998117733387,3.881710065042953,"sa3017913"
"Mason Miller","OAK","SIRP","A+","23.6944444",,16,"60 / 65","55 / 60","","40 / 45","30 / 40","40+",6,0.375,0.125,0.66666667,1.5,3.608059358596802,"sa3017934"
"Brock Selvidge","NYY","MIRP","CPX","19.6833333",,27,"45 / 60","","45 / 55","","20 / 40","40",3.2,0.28571429,0.07142857,0.55555556,2.4545431669114683,3.4226904087414987,"sa3017950"
"Eduardo Rivera","OAK","SIRP","A","18.8916666",,40,"55 / 60","","50 / 55","","20 / 40","35+",1,0.25,0,0,0,2.4661867141723635,"sa3017951"
"Chase Petty","CIN","SIRP","A","19.0833333",,11,"60 / 60","60 / 70","","40 / 55","20 / 45","40+",21.2,0.24175824,0.05494505,0.5,3.7384609899578107,3.385168692039938,"sa3017963"
"Drew Gray","CHC","SP","A","18.9861111",,17,"40 / 55","","45 / 60","30 / 45","20 / 45","40+",4,0.5625,0.0625,0.83333333,0,0.7161867141723635,"sa3017964"
"Eric Silva","SFG","SP","A","19.5861111",,34,"40 / 45","40 / 50","45 / 50","40 / 50","25 / 60","35+",12,0.32142857,0.125,0.35483871,8.25,3.926034780343374,"sa3017965"
"Jacob Steinmetz","ARI","SP","CPX","18.7916666",,49,"40 / 50","","45 / 55","30 / 45","20 / 50","35+",1.1,0,0.4,0.4,6.750016696792419,15.391831673041928,"sa3017976"
"Christian MacLeod","MIN","SP","A","22.0611111",,35,"30 / 45","","55 / 60","45 / 50","30 / 40","35+",1.2,0.625,0.25,1,0,1.746383695593019,"sa3018005"
"Jack Leiter","TEX","SP","AA","22.0361111",25,0,"55 / 60","50 / 55","55 / 55","40 / 55","35 / 55","55",12.2,0.3220339,0.15254237,0.17857143,2.842104549883654,5.135148113712888,"sa3018053"
"Jackson Jobe","DET","SP","A","19.7611111",34,3,"50 / 60","60 / 70","50 / 50","50 / 60","25 / 55","50",6,0.28,0.08,0.26666667,3,3.851547332604727,"sa3018054"
"Ricky Tiedemann","TOR","SP","A","19.7111111",,6,"45 / 50","50 / 55","","50 / 55","20 / 55","40+",20,0.45833333,0.13888889,0.46428571,0.9,2.1120948731899265,"sa3018096"
"Gavin Williams","CLE","SP","A+","22.7722222",,8,"65 / 70","50 / 55","50 / 55","","30 / 50","45+",19.2,0.4084507,0.09859155,0.36363636,1.8305081786934516,2.737960445397918,"sa3018106"
"Doug Nikhazy","CLE","SP","A+","22.7305555",,31,"40 / 45","45 / 50","55 / 55","30 / 40","35 / 55","40",11,0.35714286,0.21428571,0.52173913,5.7272727272727275,3.7082573077895424,"sa3018110"
"Davis Sharpe","CLE","SP","A","22.2611111",,22,"45 / 50","55 / 60","","40 / 45","30 / 50","40",12.1,0.43181818,0.06818182,0.42857143,0.7297299178174812,2.1562212133843115,"sa3018112"
"Trenton Denholm","CLE","SP","A","22.4305555",,21,"50 / 50","","50 / 55","55 / 60","35 / 50","40+",13.2,0.328125,0.140625,0.41176471,5.92682788969182,3.711273913026631,"sa3018139"
"Tommy Mace","CLE","SP","A+","23.4805555",,23,"50 / 50","55 / 60","45 / 50","40 / 50","35 / 55","40",13,0.15517241,0.10344828,0.47619048,6.230769230769231,5.351951967523648,"sa3018140"
"Grant Holmes","OAK","SIRP","AAA","26.1166666",,38,"50 / 50","55 / 55","","40 / 40","30 / 35","35+",603,0.23306848,0.09610291,0.47573964,4.447768397220274,4.0396253568428735,"sa828669"
"Yoan Aybar","CHW","SIRP","AA","24.8361111",,28,"60 / 60","50 / 55","","","30 / 35","35+",136.1,0.25320513,0.14583333,0.42696629,5.149144518418952,4.624260127529914,"sa829086"
"Lucas Erceg","MIL","SIRP","AA","27.0083333",,12,"60 / 65","55 / 70","","","30 / 40","40+",57,0.20895522,0.15671642,0.58490566,5.684210336109284,5.058217467445517,"sa872722"
"Anderson Espinoza","CHC","SP","AA","24.1527777",,28,"55 / 55","","55 / 55","50 / 55","35 / 45","40",238.1,0.26242545,0.08548708,0.49516129,3.73846204084123,3.407669419402958,"sa872856"
"Hunter Schryver","CHW","SIRP","AAA","27.0861111",,25,"50 / 55","50 / 55","","","45 / 50","35+",209,0.26345291,0.0896861,0.46983547,3.4019134409526828,3.4781856378426332,"sa873263"
"Franklin Perez","DET","SP","AAA","24.4111111",,30,"40 / 50","50 / 60","45 / 50","55 / 60","40 / 50","35+",230,0.24248705,0.07564767,0.38704581,3.5608699786325513,3.26455287258679,"sa873722"
"Eury Ramos","CHC","SIRP","AA","24.5666666",,49,"60 / 60","","","45 / 55","35 / 40","35+",200.1,0.20561798,0.10898876,0.46193772,5.076539182052663,4.361644455223417,"sa873729"
"Wandisson Charles","OAK","SIRP","AA","25.6583333",,42,"70 / 70","40 / 45","","","30 / 35","35+",179.2,0.28902439,0.19512195,0.45925926,4.758813592670803,4.550776879815075,"sa874818"
"Hobie Harris","MIL","SIRP","AAA","28.8638888",,32,"70 / 70","","","","30 / 35","35+",278.1,0.27013423,0.11073826,0.39769452,3.2335313548712294,3.8436629423241753,"sa876068"
"Riley Thompson","CHC","MIRP","AA","25.8194444",,41,"50 / 55","","55 / 60","45 / 45","40 / 45","35+",131.1,0.24309392,0.07918969,0.45810056,2.946701263656069,3.531856501622125,"sa876287"
"Kade McClure","CHW","SP","AAA","26.2277777",,21,"50 / 55","50 / 55","45 / 50","","45 / 50","35+",300.1,0.22439406,0.07036747,0.43857635,4.015538792322878,3.815358835650082,"sa915622"
"Jose Soriano","LAA","SIRP","AAA","23.5388888",,39,"60 / 60","","50 / 55","30 / 40","30 / 40","35+",241.2,0.22003929,0.1345776,0.51639344,2.9420688803764667,4.166136001928145,"sa916702"
"Hector Yan","LAA","SIRP","A+","23.0222222",,38,"50 / 60","45 / 45","","40 / 45","30 / 35","35+",267.2,0.27777778,0.13333333,0.40645161,3.9003741641367036,4.492989770253924,"sa917194"
"Joel Peguero","TBR","SIRP","AAA","24.9972222",,58,"70 / 70","55 / 60","","","35 / 40","35+",233.2,0.19138756,0.08803828,0.54647887,5.045649832979547,3.951809484523617,"sa917689"
"Bryan Mata","BOS","MIRP","AAA","23.0027777",,12,"60 / 60","45 / 45","50 / 50","55 / 60","40 / 50","40+",315,0.22740741,0.10740741,0.5497006,3.4,3.5804576339986474,"sa917784"
"Riley Pint","COL","SIRP","AA","24.4944444",,29,"70 / 70","60 / 60","","55 / 55","20 / 30","35+",178,0.21183432,0.16331361,0.55717256,5.308987858278927,5.128978687070193,"sa917922"
"Jay Groome","BOS","SP","AA","23.6972222",,13,"50 / 50","40 / 45","55 / 55","45 / 50","40 / 50","40+",178.1,0.31339402,0.09882965,0.49069767,4.8448607738722345,3.490195634914813,"sa917925"
"Joey Wentz","DET","SP","AAA","24.5777777",,8,"45 / 45","50 / 50","45 / 50","55 / 60","45 / 55","45",463,0.26390346,0.1023085,0.35616438,3.46004038854827,3.7994989125767322,"sa917946"
"Jordan Balazovic","MIN","SP","A","23.6305555",94,5,"55 / 55","50 / 55","55 / 55","40 / 45","45 / 55","50",326.2,0.25484566,0.07753051,0.45213379,3.4989792309081813,3.487963318587777,"sa918017"
"Wilkel Hernandez","DET","SP","A","23.0583333",,26,"50 / 55","","50 / 55","40 / 50","50 / 50","40",216.2,0.22186147,0.08658009,0.3679868,3.6969293037925732,4.056444297208297,"sa918026"
"Tobias Myers","CLE","SP","AAA","23.7472222",,38,"45 / 45","","45 / 50","50 / 50","50 / 50","35+",400,0.23829532,0.07022809,0.38419619,3.5099998995780974,3.6704642922294815,"sa918088"
"Graham Ashcraft","CIN","SIRP","AAA","24.2305555",,17,"55 / 60","50 / 55","55 / 60","40 / 50","40 / 50","40+",187.1,0.25778331,0.08468244,0.5915493,3.31494600044186,3.5417292499172794,"sa918274"
"Brian Howard","OAK","SP","AAA","27.025",,35,"50 / 50","","45 / 50","45 / 50","50 / 55","40",442.2,0.22376874,0.07066381,0.40515222,3.964609447301844,4.41521454600904,"sa918377"
"Josh Winckowski","BOS","MIRP","AAA","23.85",,27,"55 / 55","60 / 60","","40 / 45","45 / 50","40",387.2,0.20992136,0.07441016,0.53587245,3.5288038660119403,3.8386523028801736,"sa918379"
"Alexander Vizcaino","CHC","SIRP","AA","24.95",,11,"60 / 60","50 / 50","","60 / 60","30 / 35","45",279,0.23238866,0.09392713,0.50761421,4.9677424109427735,3.9333983436464,"sa920272"
"Luis Medina","NYY","MIRP","AA","23.0027777",62,3,"65 / 70","","60 / 70","45 / 55","30 / 40","50",301,0.27191679,0.15750371,0.49441341,4.6345504377763325,4.390527519830743,"sa928510"
"Victor Castaneda","MIL","MIRP","AA","23.6861111",,29,"45 / 45","","45 / 45","55 / 55","40 / 40","35+",223.2,0.25336091,0.0868666,0.3729097,4.546945569289974,4.361852719031681,"sa978399"